customerID,gender,SeniorCitizen,Partner,Dependents,tenure,PhoneService,MultipleLines,InternetService,OnlineSecurity,OnlineBackup,DeviceProtection,TechSupport,StreamingTV,StreamingMovies,Contract,PaperlessBilling,PaymentMethod,MonthlyCharges,TotalCharges,TenureMonthsBinned,TotalServiceAddons,HasPaperlessElectronicPayment,AverageMonthlyChargePerTenure,Churn
CUS00001,Male,No,Yes,Yes,29,No,No phone service,No,Yes,Yes,No,No internet service,No internet service,Yes,One year,No,Credit card (automatic),76.13,2149.79,13-24 Months,1,FALSE,74.13,
CUS00002,Female,Yes,No,Yes,15,No,Yes,No,No,Yes,No internet service,No internet service,Yes,No internet service,One year,No,Bank transfer (automatic),33.89,543.64,25-48 Months,5,TRUE,36.24,
CUS00003,Male,Yes,Yes,No,18,Yes,No phone service,DSL,No internet service,No,No,No internet service,Yes,Yes,One year,Yes,Bank transfer (automatic),74.3,1462.89,49-72 Months,1,TRUE,81.27,
CUS00004,Female,No,No,Yes,36,No,Yes,Fiber optic,Yes,No internet service,No internet service,Yes,No internet service,No internet service,Two year,No,Credit card (automatic),54.69,2278.23,0-12 Months,4,FALSE,63.28,
CUS00005,Female,No,Yes,No,57,Yes,No,No,Yes,No internet service,No internet service,Yes,Yes,Yes,Two year,Yes,Electronic check,88.54,4998.38,13-24 Months,2,TRUE,87.69,
CUS00006,Female,Yes,Yes,No,39,No,No,Fiber optic,Yes,No,No,Yes,No,No,Month-to-month,No,Mailed check,30.96,1167.65,0-12 Months,0,FALSE,29.94,
CUS00007,Male,No,Yes,No,9,Yes,No phone service,No,No,No internet service,Yes,No internet service,No,No internet service,Two year,No,Bank transfer (automatic),98.94,749.73,0-12 Months,2,TRUE,83.3,
CUS00008,Male,Yes,Yes,Yes,33,Yes,No phone service,No,Yes,No,Yes,No internet service,No,No internet service,Two year,Yes,Electronic check,115.49,3668.94,13-24 Months,4,TRUE,111.18,
CUS00009,Female,Yes,Yes,Yes,72,No,Yes,Fiber optic,No internet service,Yes,No internet service,Yes,No,Yes,One year,No,Bank transfer (automatic),23.47,1550.74,25-48 Months,2,TRUE,21.54,
CUS00010,Female,Yes,No,No,52,Yes,No phone service,Fiber optic,Yes,Yes,Yes,Yes,No,Yes,Two year,Yes,Bank transfer (automatic),46.02,2487.85,49-72 Months,4,FALSE,47.84,
CUS00011,Male,No,No,No,51,Yes,No,Fiber optic,No internet service,Yes,Yes,No internet service,Yes,No,One year,No,Bank transfer (automatic),98.83,5021.17,49-72 Months,2,FALSE,98.45,
CUS00012,Female,No,Yes,Yes,51,No,No,Fiber optic,No,Yes,Yes,No internet service,No internet service,Yes,Month-to-month,No,Electronic check,100.16,5292.28,0-12 Months,1,TRUE,103.77,
CUS00013,Male,Yes,Yes,Yes,34,Yes,No,DSL,No,Yes,No,No internet service,No internet service,No,Month-to-month,Yes,Mailed check,99.98,3524.92,0-12 Months,1,TRUE,103.67,
CUS00014,Male,No,Yes,No,43,No,No phone service,Fiber optic,No internet service,No,No,No,No internet service,No internet service,Two year,No,Electronic check,47.72,1968.03,13-24 Months,0,TRUE,45.77,
CUS00015,Female,No,No,Yes,8,No,Yes,No,No internet service,Yes,No internet service,No,No internet service,Yes,Two year,No,Credit card (automatic),31.72,205.29,13-24 Months,4,TRUE,25.66,
CUS00016,Female,No,No,Yes,34,Yes,Yes,Fiber optic,No internet service,No internet service,No internet service,No internet service,Yes,Yes,One year,Yes,Electronic check,40.24,1263.92,25-48 Months,6,TRUE,37.17,
CUS00017,Male,No,No,No,60,No,No,Fiber optic,No internet service,No,No,Yes,No,No internet service,One year,No,Bank transfer (automatic),48.76,2992.02,0-12 Months,3,TRUE,49.87,
CUS00018,Female,Yes,Yes,Yes,18,Yes,No,Fiber optic,Yes,No internet service,No,No internet service,No,No,One year,No,Mailed check,29.0,435.85,49-72 Months,4,FALSE,24.21,
CUS00019,Female,No,No,Yes,69,Yes,No phone service,No,Yes,Yes,Yes,No internet service,Yes,Yes,Two year,Yes,Mailed check,88.11,6083.73,25-48 Months,1,TRUE,88.17,
CUS00020,Male,No,Yes,No,31,No,No,No,No,Yes,No internet service,No,No,No,Month-to-month,Yes,Bank transfer (automatic),71.17,2030.85,25-48 Months,2,TRUE,65.51,
CUS00021,Female,Yes,Yes,Yes,66,Yes,Yes,Fiber optic,No internet service,No internet service,Yes,No,No internet service,No internet service,One year,Yes,Bank transfer (automatic),52.81,3210.29,25-48 Months,4,TRUE,48.64,
CUS00022,Male,Yes,No,Yes,40,No,No phone service,Fiber optic,No,No internet service,No internet service,Yes,No internet service,No,One year,Yes,Credit card (automatic),43.51,1865.42,25-48 Months,5,FALSE,46.64,
CUS00023,Male,No,No,Yes,70,Yes,Yes,DSL,No,Yes,No internet service,No,No,No internet service,One year,Yes,Bank transfer (automatic),45.23,3017.02,25-48 Months,1,FALSE,43.1,
CUS00024,Male,No,No,Yes,15,Yes,No,No,Yes,No,No,No internet service,No,No,Month-to-month,Yes,Mailed check,44.65,699.07,25-48 Months,1,TRUE,46.6,
CUS00025,Male,No,Yes,No,16,No,Yes,DSL,No internet service,No,Yes,Yes,No internet service,No,One year,Yes,Bank transfer (automatic),37.85,565.36,49-72 Months,1,TRUE,35.34,
CUS00026,Male,No,No,No,15,Yes,No,No,Yes,No,Yes,No,No,No,Month-to-month,Yes,Credit card (automatic),40.76,565.7,0-12 Months,0,FALSE,37.71,
CUS00027,Male,No,Yes,Yes,68,Yes,No,DSL,No internet service,No,No,No,No,No,One year,Yes,Electronic check,31.2,1936.39,49-72 Months,2,TRUE,28.48,
CUS00028,Female,No,Yes,No,28,No,No phone service,DSL,No,Yes,Yes,No internet service,Yes,No internet service,Month-to-month,No,Bank transfer (automatic),106.29,2976.58,49-72 Months,5,FALSE,106.31,
CUS00029,Male,Yes,No,Yes,15,No,No phone service,DSL,Yes,Yes,Yes,No internet service,No internet service,No internet service,Two year,No,Mailed check,72.99,1012.33,25-48 Months,1,FALSE,67.49,
CUS00030,Female,Yes,No,Yes,33,Yes,Yes,Fiber optic,No internet service,No internet service,No internet service,No internet service,Yes,No internet service,Two year,No,Credit card (automatic),100.14,3174.96,13-24 Months,5,FALSE,96.21,
CUS00031,Male,No,No,Yes,38,No,No,No,No,No,No internet service,No,No internet service,No internet service,Month-to-month,Yes,Mailed check,38.43,1533.31,13-24 Months,4,TRUE,40.35,
CUS00032,Female,No,Yes,Yes,62,Yes,Yes,DSL,No internet service,Yes,Yes,No internet service,No,No,Two year,No,Mailed check,71.54,4339.44,25-48 Months,5,FALSE,69.99,
CUS00033,Female,Yes,Yes,No,30,Yes,No,Fiber optic,Yes,No,No,Yes,No,No,Month-to-month,Yes,Electronic check,116.17,3467.23,25-48 Months,2,TRUE,115.57,
CUS00034,Female,Yes,No,No,47,Yes,Yes,Fiber optic,No,Yes,No,No,Yes,No,One year,Yes,Mailed check,90.42,4302.75,49-72 Months,3,TRUE,91.55,
CUS00035,Female,Yes,Yes,No,67,No,No phone service,DSL,No internet service,No,No,Yes,No,No,Month-to-month,Yes,Bank transfer (automatic),72.15,4716.1,25-48 Months,4,FALSE,70.39,
CUS00036,Male,No,No,Yes,16,Yes,No,Fiber optic,No,Yes,No,No internet service,Yes,No internet service,Two year,No,Electronic check,96.14,1112.31,0-12 Months,5,TRUE,69.52,
CUS00037,Female,No,Yes,Yes,49,Yes,Yes,DSL,No internet service,Yes,No internet service,No internet service,Yes,No internet service,Two year,No,Electronic check,87.9,4488.7,0-12 Months,6,TRUE,91.61,
CUS00038,Male,Yes,Yes,No,40,No,Yes,DSL,No internet service,No internet service,Yes,No,Yes,Yes,One year,Yes,Mailed check,80.51,3135.42,13-24 Months,2,FALSE,78.39,
CUS00039,Male,Yes,Yes,Yes,38,Yes,No phone service,No,Yes,No,Yes,No internet service,Yes,No,One year,Yes,Bank transfer (automatic),21.43,805.83,49-72 Months,2,FALSE,21.21,
CUS00040,Male,Yes,Yes,No,55,Yes,No phone service,No,No,Yes,No internet service,No,No internet service,No,Month-to-month,Yes,Electronic check,96.91,5405.42,13-24 Months,6,TRUE,98.28,
CUS00041,Male,Yes,Yes,No,55,No,No,No,Yes,No,No internet service,No internet service,No internet service,Yes,One year,Yes,Electronic check,51.79,2715.53,25-48 Months,5,TRUE,49.37,
CUS00042,Male,Yes,No,Yes,32,Yes,No phone service,Fiber optic,No internet service,No internet service,Yes,Yes,Yes,Yes,Two year,Yes,Bank transfer (automatic),31.28,811.56,49-72 Months,1,TRUE,25.36,
CUS00043,Male,Yes,Yes,No,23,No,Yes,DSL,Yes,No,No internet service,No internet service,Yes,No,One year,Yes,Electronic check,105.04,2539.79,49-72 Months,4,TRUE,110.43,
CUS00044,Female,Yes,No,No,42,No,No,DSL,Yes,No internet service,No,Yes,No internet service,No,Month-to-month,Yes,Bank transfer (automatic),53.07,2356.61,0-12 Months,1,FALSE,56.11,
CUS00045,Female,No,Yes,No,27,No,Yes,DSL,No,No,Yes,No,No internet service,No,Month-to-month,Yes,Electronic check,26.25,777.89,13-24 Months,1,TRUE,28.81,
CUS00046,Female,No,Yes,Yes,25,No,No,DSL,Yes,No,No,Yes,Yes,Yes,One year,Yes,Bank transfer (automatic),79.21,1916.09,25-48 Months,0,TRUE,76.64,
CUS00047,Male,Yes,Yes,No,6,No,No phone service,Fiber optic,Yes,No internet service,Yes,No,No internet service,Yes,Month-to-month,No,Credit card (automatic),23.51,300.19,0-12 Months,3,TRUE,50.03,
CUS00048,Male,No,No,Yes,43,Yes,No phone service,DSL,No internet service,No internet service,No,Yes,No,No,Month-to-month,No,Mailed check,116.22,4992.33,25-48 Months,3,TRUE,116.1,
CUS00049,Male,No,Yes,No,46,No,No,Fiber optic,No,No internet service,No,No,Yes,No,Two year,Yes,Electronic check,40.83,1832.2,13-24 Months,4,TRUE,39.83,
CUS00050,Male,Yes,Yes,Yes,9,Yes,No phone service,DSL,No,Yes,No,Yes,No,Yes,Month-to-month,No,Credit card (automatic),55.46,227.82,49-72 Months,3,TRUE,25.31,
CUS00051,Male,Yes,No,No,32,Yes,No phone service,DSL,No,No,Yes,Yes,No,No internet service,Month-to-month,No,Mailed check,65.18,1955.9,13-24 Months,3,TRUE,61.12,
CUS00052,Female,No,Yes,No,4,No,No,DSL,Yes,No internet service,No,No internet service,Yes,No internet service,Two year,No,Mailed check,107.06,673.46,13-24 Months,0,FALSE,168.37,
CUS00053,Male,Yes,Yes,No,32,No,No phone service,DSL,No,Yes,Yes,Yes,No internet service,No,Month-to-month,Yes,Credit card (automatic),53.43,1789.96,0-12 Months,3,FALSE,55.94,
CUS00054,Male,Yes,No,Yes,70,Yes,No phone service,Fiber optic,Yes,No internet service,No internet service,No internet service,Yes,No internet service,Two year,Yes,Bank transfer (automatic),25.06,1484.54,0-12 Months,1,TRUE,21.21,
CUS00055,Female,No,No,No,19,Yes,No phone service,DSL,Yes,Yes,No,No internet service,Yes,No,Month-to-month,Yes,Mailed check,39.71,972.06,0-12 Months,5,FALSE,51.16,
CUS00056,Female,No,No,Yes,67,No,Yes,No,No,Yes,No internet service,No internet service,No internet service,Yes,One year,No,Electronic check,63.27,4264.72,13-24 Months,5,TRUE,63.65,
CUS00057,Female,Yes,Yes,No,19,No,No phone service,Fiber optic,No internet service,No internet service,Yes,Yes,Yes,Yes,One year,No,Mailed check,46.9,683.39,13-24 Months,4,TRUE,35.97,
CUS00058,Male,Yes,Yes,Yes,3,Yes,No,No,No,No internet service,Yes,No internet service,Yes,Yes,One year,Yes,Mailed check,55.43,0.0,0-12 Months,3,TRUE,0.0,
CUS00059,Female,Yes,No,Yes,51,Yes,Yes,Fiber optic,No,No,Yes,No internet service,No,No internet service,One year,Yes,Credit card (automatic),102.52,5577.28,0-12 Months,4,FALSE,109.36,
CUS00060,Female,No,Yes,No,43,Yes,No phone service,DSL,No,No,No,Yes,No internet service,Yes,One year,Yes,Mailed check,50.5,1958.21,49-72 Months,5,TRUE,45.54,
CUS00061,Male,No,No,Yes,20,No,No,No,Yes,No internet service,Yes,No internet service,Yes,No internet service,One year,No,Electronic check,53.69,1087.19,0-12 Months,4,TRUE,54.36,
CUS00062,Female,Yes,Yes,Yes,45,Yes,Yes,No,No,No,No,Yes,No internet service,No,One year,Yes,Mailed check,86.75,4100.44,0-12 Months,6,TRUE,91.12,
CUS00063,Male,Yes,No,Yes,56,No,Yes,No,No internet service,No,No,No,No internet service,No internet service,One year,No,Electronic check,102.06,5460.92,49-72 Months,6,TRUE,97.52,
CUS00064,Female,No,No,No,26,No,Yes,Fiber optic,No,Yes,Yes,Yes,Yes,No,One year,Yes,Bank transfer (automatic),101.28,2375.42,25-48 Months,4,FALSE,91.36,
CUS00065,Male,Yes,No,Yes,69,Yes,Yes,Fiber optic,No internet service,No internet service,No internet service,Yes,No,No,Month-to-month,Yes,Mailed check,30.53,2275.95,25-48 Months,3,TRUE,32.98,
CUS00066,Female,Yes,Yes,No,53,No,No phone service,Fiber optic,Yes,No internet service,No,No internet service,No,Yes,Month-to-month,No,Electronic check,56.17,3235.45,25-48 Months,1,TRUE,61.05,
CUS00067,Female,Yes,Yes,No,61,No,No phone service,No,Yes,Yes,No internet service,Yes,No internet service,No internet service,One year,Yes,Electronic check,43.92,2481.49,49-72 Months,1,TRUE,40.68,
CUS00068,Female,Yes,No,Yes,27,Yes,Yes,Fiber optic,No,Yes,No internet service,No,Yes,Yes,Month-to-month,Yes,Credit card (automatic),21.16,313.74,0-12 Months,3,TRUE,11.62,
CUS00069,Male,No,Yes,No,39,Yes,No phone service,DSL,No,No internet service,No,Yes,Yes,No,Month-to-month,Yes,Credit card (automatic),109.74,4535.45,0-12 Months,3,FALSE,116.29,
CUS00070,Female,No,No,Yes,18,Yes,Yes,No,Yes,No internet service,No internet service,Yes,No internet service,Yes,Two year,Yes,Bank transfer (automatic),111.67,2147.04,49-72 Months,2,TRUE,119.28,
CUS00071,Female,Yes,Yes,No,52,Yes,No phone service,DSL,Yes,No,No,No,Yes,No internet service,Two year,Yes,Credit card (automatic),37.67,2153.55,49-72 Months,5,TRUE,41.41,
CUS00072,Female,Yes,Yes,No,53,Yes,No,No,No internet service,Yes,No internet service,Yes,No internet service,No,One year,No,Bank transfer (automatic),96.54,5304.59,49-72 Months,6,TRUE,100.09,
CUS00073,Male,Yes,No,No,8,No,Yes,Fiber optic,No,Yes,Yes,No,No internet service,No,One year,Yes,Mailed check,83.35,580.76,0-12 Months,3,FALSE,72.59,
CUS00074,Male,Yes,No,No,35,No,No,No,Yes,Yes,Yes,No internet service,No,Yes,One year,No,Bank transfer (automatic),45.33,1677.9,25-48 Months,5,FALSE,47.94,
CUS00075,Male,Yes,Yes,No,26,No,No,DSL,Yes,No,No,Yes,Yes,Yes,Two year,Yes,Mailed check,38.23,995.52,13-24 Months,6,FALSE,38.29,
CUS00076,Male,No,Yes,No,40,Yes,Yes,No,No,No internet service,No internet service,No,No,No internet service,Month-to-month,No,Mailed check,91.24,3882.28,25-48 Months,2,FALSE,97.06,
CUS00077,Male,No,Yes,Yes,44,No,No phone service,DSL,No internet service,No internet service,Yes,No,No internet service,No internet service,Two year,No,Mailed check,70.72,3043.7,0-12 Months,6,TRUE,69.17,
CUS00078,Male,Yes,Yes,Yes,44,Yes,Yes,Fiber optic,Yes,No internet service,No internet service,No internet service,No internet service,Yes,Month-to-month,No,Credit card (automatic),26.96,1232.87,25-48 Months,3,TRUE,28.02,
CUS00079,Male,No,No,Yes,30,Yes,Yes,DSL,Yes,Yes,Yes,No,No internet service,No internet service,Month-to-month,Yes,Mailed check,54.84,1899.56,49-72 Months,6,TRUE,63.32,
CUS00080,Female,Yes,No,Yes,48,Yes,No,DSL,No internet service,No,No internet service,No internet service,No,No,Month-to-month,Yes,Bank transfer (automatic),86.12,4040.82,0-12 Months,0,TRUE,84.18,
CUS00081,Female,No,Yes,No,45,Yes,No,DSL,No,No,No internet service,No,No,Yes,One year,Yes,Credit card (automatic),47.66,2163.75,25-48 Months,1,FALSE,48.08,
CUS00082,Male,No,No,Yes,28,Yes,No,No,No,Yes,Yes,Yes,No internet service,Yes,One year,Yes,Mailed check,95.36,2539.35,0-12 Months,4,FALSE,90.69,
CUS00083,Male,Yes,Yes,Yes,58,No,No,Fiber optic,No internet service,Yes,No internet service,Yes,No internet service,No internet service,Two year,No,Electronic check,29.38,1722.56,49-72 Months,2,TRUE,29.7,
CUS00084,Female,No,Yes,No,20,No,No,No,No internet service,Yes,No internet service,No,Yes,No,One year,Yes,Bank transfer (automatic),39.82,800.35,49-72 Months,1,FALSE,40.02,
CUS00085,Male,No,Yes,No,40,Yes,No,Fiber optic,No,No internet service,Yes,No internet service,No internet service,No,One year,No,Electronic check,19.19,674.3,49-72 Months,3,TRUE,16.86,
CUS00086,Male,Yes,No,No,53,No,No,No,Yes,No,Yes,No internet service,No internet service,Yes,Two year,No,Mailed check,25.23,1434.2,13-24 Months,5,FALSE,27.06,
CUS00087,Male,No,Yes,Yes,13,Yes,Yes,DSL,Yes,No internet service,No internet service,Yes,No internet service,Yes,Two year,Yes,Credit card (automatic),110.21,1536.89,13-24 Months,0,FALSE,118.22,
CUS00088,Female,No,No,Yes,22,Yes,No,No,No,No,Yes,No internet service,No,No,One year,Yes,Credit card (automatic),47.47,975.83,49-72 Months,0,TRUE,44.36,
CUS00089,Male,Yes,No,Yes,52,Yes,Yes,Fiber optic,No internet service,No,Yes,No internet service,No,No,Two year,Yes,Electronic check,63.97,3157.78,13-24 Months,1,TRUE,60.73,
CUS00090,Female,Yes,No,No,49,No,No,DSL,No,Yes,Yes,No internet service,No internet service,No internet service,One year,Yes,Bank transfer (automatic),18.7,857.24,0-12 Months,3,TRUE,17.49,
CUS00091,Female,Yes,No,No,43,No,No,DSL,No internet service,Yes,No internet service,No internet service,Yes,No internet service,Month-to-month,No,Mailed check,112.95,4940.3,25-48 Months,0,FALSE,114.89,
CUS00092,Male,No,Yes,No,70,Yes,Yes,DSL,No internet service,No internet service,No,No internet service,Yes,Yes,One year,Yes,Electronic check,57.79,4051.72,25-48 Months,3,TRUE,57.88,
CUS00093,Male,Yes,Yes,No,64,No,No phone service,No,Yes,No,No,No,Yes,No internet service,Two year,Yes,Electronic check,24.3,1757.52,0-12 Months,1,TRUE,27.46,
CUS00094,Male,Yes,No,Yes,32,Yes,No,DSL,No,Yes,Yes,Yes,No internet service,No internet service,Two year,Yes,Bank transfer (automatic),84.23,2760.13,49-72 Months,6,FALSE,86.25,
CUS00095,Male,No,Yes,Yes,22,No,No,DSL,No internet service,No,Yes,No,No,No internet service,Month-to-month,Yes,Electronic check,43.18,1094.76,0-12 Months,4,TRUE,49.76,
CUS00096,Female,No,Yes,Yes,2,Yes,No phone service,Fiber optic,No,Yes,No,Yes,Yes,No internet service,One year,Yes,Credit card (automatic),25.48,482.83,0-12 Months,3,FALSE,241.41,
CUS00097,Male,No,No,Yes,50,No,No,DSL,No,Yes,No,No,No,Yes,Two year,No,Credit card (automatic),110.72,5538.34,0-12 Months,1,FALSE,110.77,
CUS00098,Female,Yes,No,Yes,42,Yes,Yes,No,No,No,No,Yes,No,No,Month-to-month,No,Credit card (automatic),92.58,3887.96,49-72 Months,6,TRUE,92.57,
CUS00099,Female,Yes,No,Yes,61,No,No phone service,Fiber optic,No internet service,No,Yes,No internet service,No,No internet service,One year,No,Bank transfer (automatic),25.66,1734.14,49-72 Months,1,FALSE,28.43,
CUS00100,Female,Yes,No,No,41,No,No phone service,Fiber optic,Yes,No internet service,Yes,No,No internet service,Yes,Two year,Yes,Electronic check,71.94,3057.45,0-12 Months,3,TRUE,74.57,
CUS00101,Male,No,Yes,No,20,No,No phone service,DSL,Yes,Yes,No,No,No internet service,No,Month-to-month,Yes,Electronic check,26.71,387.52,0-12 Months,1,TRUE,19.38,
CUS00102,Male,No,No,Yes,27,Yes,No phone service,No,No,No,No internet service,No internet service,Yes,Yes,One year,No,Electronic check,68.56,1444.19,0-12 Months,5,TRUE,53.49,
CUS00103,Female,Yes,Yes,Yes,68,Yes,No,DSL,Yes,Yes,No internet service,Yes,No,Yes,One year,No,Electronic check,70.6,4416.36,13-24 Months,4,TRUE,64.95,
CUS00104,Male,No,Yes,No,27,No,Yes,DSL,No,No,No,Yes,No internet service,Yes,One year,No,Credit card (automatic),90.95,2410.65,0-12 Months,5,TRUE,89.28,
CUS00105,Male,Yes,No,No,32,Yes,No,Fiber optic,No,No,No,Yes,Yes,Yes,One year,Yes,Credit card (automatic),30.83,903.85,13-24 Months,1,TRUE,28.25,
CUS00106,Female,Yes,No,Yes,27,No,No phone service,No,Yes,No,Yes,No internet service,No internet service,Yes,One year,No,Credit card (automatic),20.55,573.85,25-48 Months,4,FALSE,21.25,
CUS00107,Male,Yes,No,Yes,36,Yes,Yes,No,Yes,No,No,No internet service,No internet service,No internet service,Month-to-month,No,Credit card (automatic),63.08,2115.9,13-24 Months,0,TRUE,58.78,
CUS00108,Male,Yes,No,Yes,38,No,No phone service,No,Yes,No,No internet service,Yes,No internet service,Yes,One year,No,Mailed check,27.32,1173.12,49-72 Months,0,FALSE,30.87,
CUS00109,Male,Yes,Yes,No,23,Yes,No phone service,No,No,Yes,No internet service,No internet service,No internet service,No internet service,One year,No,Credit card (automatic),50.81,1194.36,49-72 Months,1,FALSE,51.93,
CUS00110,Male,No,No,Yes,20,Yes,No phone service,No,No internet service,No,No internet service,No internet service,No internet service,Yes,Month-to-month,No,Electronic check,71.83,1094.14,25-48 Months,6,TRUE,54.71,
CUS00111,Male,Yes,Yes,Yes,42,Yes,No phone service,No,Yes,No,No,No,Yes,No,One year,Yes,Bank transfer (automatic),48.98,1886.51,0-12 Months,0,TRUE,44.92,
CUS00112,Female,Yes,No,Yes,5,Yes,No phone service,No,No internet service,Yes,No internet service,Yes,Yes,No,One year,Yes,Mailed check,118.43,298.01,0-12 Months,3,TRUE,59.6,
CUS00113,Female,No,Yes,No,3,No,Yes,Fiber optic,No,No,Yes,No,Yes,No,One year,Yes,Electronic check,89.08,555.96,0-12 Months,6,TRUE,185.32,
CUS00114,Male,Yes,Yes,Yes,1,Yes,Yes,No,No,Yes,No internet service,No,Yes,Yes,One year,No,Credit card (automatic),100.49,100.49,13-24 Months,1,FALSE,100.49,
CUS00115,Female,No,Yes,Yes,39,No,Yes,DSL,No internet service,No,No,No internet service,No,No,One year,Yes,Mailed check,108.71,3900.35,13-24 Months,4,TRUE,100.01,
CUS00116,Female,Yes,No,No,59,No,No,Fiber optic,No internet service,No internet service,Yes,No internet service,No internet service,No internet service,One year,No,Electronic check,57.26,3306.43,13-24 Months,0,TRUE,56.04,
CUS00117,Male,Yes,No,Yes,66,No,No,No,No internet service,Yes,No internet service,Yes,No internet service,No internet service,Two year,Yes,Electronic check,39.94,2645.6,25-48 Months,6,TRUE,40.08,
CUS00118,Male,Yes,No,Yes,60,Yes,No phone service,Fiber optic,No,No internet service,No,No internet service,No,No internet service,Month-to-month,Yes,Mailed check,32.7,2055.44,13-24 Months,5,FALSE,34.26,
CUS00119,Female,Yes,No,Yes,3,Yes,No phone service,DSL,No internet service,No,No internet service,No,No internet service,Yes,Month-to-month,Yes,Bank transfer (automatic),94.47,364.01,49-72 Months,4,TRUE,121.34,
CUS00120,Female,No,No,Yes,42,Yes,No phone service,No,Yes,No internet service,No internet service,Yes,Yes,Yes,One year,No,Mailed check,91.72,3694.93,25-48 Months,3,TRUE,87.97,
CUS00121,Female,No,Yes,No,58,Yes,No phone service,Fiber optic,No,No,No,Yes,No internet service,No,One year,Yes,Electronic check,37.2,2093.77,49-72 Months,4,TRUE,36.1,
CUS00122,Male,Yes,No,No,61,No,No phone service,No,No,No internet service,No internet service,Yes,Yes,Yes,Two year,No,Mailed check,61.97,3769.81,13-24 Months,3,FALSE,61.8,
CUS00123,Female,Yes,Yes,Yes,71,No,No phone service,DSL,No internet service,Yes,Yes,No,No internet service,Yes,Month-to-month,No,Mailed check,37.56,2795.06,49-72 Months,1,FALSE,39.37,
CUS00124,Male,No,Yes,No,4,Yes,Yes,No,No,No internet service,Yes,No internet service,No internet service,Yes,One year,Yes,Bank transfer (automatic),69.72,415.04,13-24 Months,6,TRUE,103.76,
CUS00125,Female,No,Yes,No,40,No,Yes,Fiber optic,No,Yes,Yes,Yes,Yes,No,One year,Yes,Credit card (automatic),29.19,1050.02,0-12 Months,0,TRUE,26.25,
CUS00126,Female,Yes,Yes,No,10,No,No phone service,No,No internet service,Yes,No internet service,Yes,Yes,No internet service,Two year,No,Bank transfer (automatic),75.9,767.21,49-72 Months,0,TRUE,76.72,
CUS00127,Male,Yes,Yes,No,20,Yes,No phone service,Fiber optic,No internet service,Yes,No,No internet service,No,No,Month-to-month,No,Credit card (automatic),21.46,252.42,13-24 Months,1,TRUE,12.62,
CUS00128,Male,No,Yes,No,19,No,Yes,Fiber optic,No internet service,Yes,No internet service,No internet service,Yes,Yes,Two year,Yes,Mailed check,111.19,2525.97,25-48 Months,2,TRUE,132.95,
CUS00129,Male,No,No,No,62,Yes,No phone service,Fiber optic,No,No,No,Yes,No internet service,No,One year,No,Credit card (automatic),68.94,4116.22,25-48 Months,0,TRUE,66.39,
CUS00130,Female,Yes,No,No,36,No,No phone service,DSL,Yes,No,No,Yes,No,Yes,One year,Yes,Credit card (automatic),67.07,2431.66,13-24 Months,3,TRUE,67.55,
CUS00131,Female,No,Yes,No,59,No,No phone service,DSL,Yes,No internet service,No internet service,No,Yes,Yes,One year,No,Bank transfer (automatic),100.89,5799.12,0-12 Months,3,TRUE,98.29,
CUS00132,Male,No,Yes,No,33,Yes,Yes,Fiber optic,Yes,Yes,No,Yes,No internet service,Yes,One year,Yes,Credit card (automatic),50.15,1912.76,25-48 Months,4,FALSE,57.96,
CUS00133,Female,No,No,No,47,Yes,Yes,No,No,No internet service,No internet service,No,No,No internet service,Two year,No,Electronic check,59.53,2657.47,13-24 Months,2,TRUE,56.54,
CUS00134,Male,No,Yes,No,7,Yes,No phone service,Fiber optic,No,No internet service,No internet service,Yes,Yes,No internet service,Two year,Yes,Bank transfer (automatic),43.71,222.48,49-72 Months,0,TRUE,31.78,
CUS00135,Male,No,Yes,No,2,Yes,Yes,DSL,Yes,No internet service,No internet service,Yes,Yes,Yes,Two year,No,Electronic check,106.61,196.71,25-48 Months,5,TRUE,98.36,
CUS00136,Male,No,No,No,22,No,No,Fiber optic,No internet service,No,Yes,Yes,No,Yes,One year,No,Bank transfer (automatic),115.38,2658.34,25-48 Months,1,TRUE,120.83,
CUS00137,Male,Yes,Yes,Yes,65,No,No phone service,Fiber optic,No,Yes,Yes,No internet service,Yes,Yes,One year,No,Mailed check,22.06,1729.97,25-48 Months,4,FALSE,26.61,
CUS00138,Female,No,No,Yes,5,Yes,Yes,No,Yes,No internet service,No,No,Yes,No internet service,One year,Yes,Bank transfer (automatic),49.45,250.11,0-12 Months,2,FALSE,50.02,
CUS00139,Male,No,Yes,No,62,Yes,Yes,DSL,No internet service,Yes,No internet service,Yes,No internet service,No,Two year,No,Credit card (automatic),91.42,5714.45,0-12 Months,2,FALSE,92.17,
CUS00140,Male,No,No,Yes,42,No,No,DSL,No internet service,No,Yes,No internet service,No internet service,Yes,Two year,Yes,Bank transfer (automatic),48.94,2040.04,0-12 Months,3,FALSE,48.57,
CUS00141,Female,Yes,Yes,Yes,53,Yes,No,No,Yes,No,No,Yes,Yes,No internet service,Month-to-month,No,Bank transfer (automatic),102.02,5323.18,49-72 Months,0,TRUE,100.44,
CUS00142,Female,No,No,No,14,No,No,No,No internet service,No internet service,Yes,No,No,No,Two year,No,Electronic check,65.28,921.18,49-72 Months,6,TRUE,65.8,
CUS00143,Female,Yes,No,No,39,No,No,Fiber optic,Yes,Yes,No internet service,No internet service,No internet service,No internet service,Two year,Yes,Electronic check,30.66,1067.57,25-48 Months,5,TRUE,27.37,
CUS00144,Female,No,No,Yes,45,No,No,DSL,No,No internet service,Yes,No internet service,No internet service,No internet service,Two year,Yes,Mailed check,27.59,1069.96,25-48 Months,2,FALSE,23.78,
CUS00145,Female,Yes,Yes,Yes,9,No,No,No,No,No,No internet service,No internet service,Yes,No internet service,Two year,Yes,Bank transfer (automatic),116.61,922.45,13-24 Months,3,FALSE,102.49,
CUS00146,Female,No,No,Yes,30,Yes,Yes,DSL,No internet service,No internet service,Yes,No,Yes,No,Month-to-month,Yes,Mailed check,34.55,1132.89,0-12 Months,1,TRUE,37.76,
CUS00147,Female,No,No,Yes,62,No,No,No,Yes,No,Yes,No,No,No internet service,Two year,No,Electronic check,60.07,3848.04,49-72 Months,0,TRUE,62.07,
CUS00148,Female,Yes,Yes,No,27,No,No,No,No,No internet service,Yes,No,No,No internet service,One year,Yes,Bank transfer (automatic),36.02,724.3,0-12 Months,0,FALSE,26.83,
CUS00149,Female,Yes,No,Yes,33,No,No phone service,Fiber optic,Yes,Yes,No,No internet service,Yes,Yes,Two year,Yes,Bank transfer (automatic),82.91,2793.16,0-12 Months,5,FALSE,84.64,
CUS00150,Female,No,No,Yes,37,No,No phone service,No,No internet service,Yes,No,No internet service,Yes,No internet service,Two year,No,Bank transfer (automatic),42.32,1577.59,0-12 Months,4,FALSE,42.64,
CUS00151,Female,Yes,No,Yes,24,Yes,No phone service,No,No,No,No internet service,Yes,Yes,No,Month-to-month,No,Electronic check,27.2,478.69,49-72 Months,6,TRUE,19.95,
CUS00152,Male,No,No,Yes,22,Yes,Yes,DSL,No,No internet service,Yes,Yes,No internet service,No internet service,Two year,No,Bank transfer (automatic),43.09,1206.67,0-12 Months,5,TRUE,54.85,
CUS00153,Male,No,Yes,No,12,No,No,DSL,No internet service,Yes,No,Yes,No,No,Month-to-month,Yes,Mailed check,117.25,1179.69,0-12 Months,3,TRUE,98.31,
CUS00154,Female,Yes,No,No,11,Yes,Yes,DSL,Yes,No,Yes,No internet service,No,No internet service,Month-to-month,Yes,Electronic check,117.83,1150.88,25-48 Months,3,TRUE,104.63,
CUS00155,Female,Yes,Yes,Yes,13,Yes,No phone service,DSL,No,No internet service,No internet service,No,No internet service,Yes,Two year,No,Electronic check,101.34,1689.26,25-48 Months,0,TRUE,129.94,
CUS00156,Male,No,Yes,Yes,61,Yes,No phone service,No,No,No internet service,No internet service,No internet service,No,No,One year,Yes,Electronic check,85.74,5527.32,13-24 Months,2,TRUE,90.61,
CUS00157,Male,No,No,Yes,35,Yes,No phone service,DSL,No internet service,No,No,Yes,No internet service,Yes,Two year,No,Credit card (automatic),27.25,746.94,0-12 Months,0,TRUE,21.34,
CUS00158,Male,Yes,No,Yes,66,No,No,DSL,No internet service,No internet service,Yes,Yes,No,No internet service,Month-to-month,No,Mailed check,71.59,4373.5,13-24 Months,3,TRUE,66.27,
CUS00159,Male,No,No,No,66,No,Yes,DSL,No internet service,No,No,Yes,Yes,Yes,Month-to-month,No,Credit card (automatic),49.79,3358.23,0-12 Months,4,TRUE,50.88,
CUS00160,Female,Yes,No,No,3,Yes,Yes,No,Yes,No internet service,Yes,No,No internet service,No,One year,No,Electronic check,44.94,0.0,0-12 Months,5,TRUE,0.0,
CUS00161,Female,Yes,Yes,Yes,32,Yes,No,DSL,No,Yes,Yes,No internet service,Yes,No internet service,Two year,No,Electronic check,113.52,3822.89,13-24 Months,0,TRUE,119.47,
CUS00162,Male,No,No,Yes,40,No,No,Fiber optic,Yes,Yes,No,Yes,Yes,No internet service,Two year,No,Electronic check,44.13,1637.26,49-72 Months,3,TRUE,40.93,
CUS00163,Female,No,No,Yes,57,Yes,Yes,No,No,No,No,No internet service,No,No,Month-to-month,No,Mailed check,56.63,2911.74,0-12 Months,1,FALSE,51.08,
CUS00164,Male,No,Yes,Yes,34,No,No,DSL,No internet service,No internet service,No,Yes,No internet service,Yes,One year,No,Mailed check,89.39,2994.4,13-24 Months,4,FALSE,88.07,
CUS00165,Female,No,No,Yes,10,No,No,Fiber optic,Yes,No,Yes,No internet service,No internet service,Yes,Month-to-month,No,Electronic check,77.74,622.84,0-12 Months,4,TRUE,62.28,
CUS00166,Male,Yes,Yes,Yes,29,No,No,No,No internet service,No,No internet service,No,No,No,Month-to-month,No,Mailed check,107.7,3271.88,49-72 Months,1,FALSE,112.82,
CUS00167,Male,No,No,No,4,No,No,No,No internet service,Yes,No,Yes,No,No,Two year,Yes,Electronic check,68.34,466.58,13-24 Months,3,TRUE,116.64,
CUS00168,Male,Yes,Yes,Yes,5,Yes,No,Fiber optic,No,Yes,No,Yes,No internet service,No,Month-to-month,Yes,Bank transfer (automatic),111.69,447.33,25-48 Months,0,FALSE,89.47,
CUS00169,Female,No,No,No,41,Yes,Yes,No,Yes,No internet service,Yes,Yes,No internet service,Yes,Month-to-month,No,Electronic check,81.13,3196.1,13-24 Months,0,TRUE,77.95,
CUS00170,Male,No,No,No,58,Yes,No,DSL,No internet service,No internet service,Yes,No internet service,No,Yes,Two year,No,Bank transfer (automatic),76.39,4842.71,49-72 Months,0,FALSE,83.5,
CUS00171,Male,No,Yes,Yes,10,Yes,No,DSL,Yes,No,No,No,No internet service,Yes,Two year,No,Credit card (automatic),69.33,559.68,49-72 Months,6,TRUE,55.97,
CUS00172,Female,No,No,Yes,25,Yes,Yes,DSL,No,Yes,No,No internet service,No internet service,No,Two year,Yes,Bank transfer (automatic),72.76,1859.78,0-12 Months,1,FALSE,74.39,
CUS00173,Male,Yes,Yes,Yes,16,No,No,DSL,No internet service,Yes,Yes,No internet service,No,No,Two year,Yes,Electronic check,114.43,2099.94,49-72 Months,5,TRUE,131.25,
CUS00174,Male,No,No,Yes,3,No,Yes,DSL,No internet service,No internet service,No internet service,No,No internet service,Yes,One year,Yes,Mailed check,81.99,112.85,25-48 Months,4,TRUE,37.62,
CUS00175,Female,Yes,Yes,No,71,Yes,No phone service,No,No internet service,No internet service,Yes,Yes,No,No,One year,No,Electronic check,70.41,5092.68,0-12 Months,4,TRUE,71.73,
CUS00176,Female,Yes,Yes,No,57,No,Yes,Fiber optic,No,No,Yes,No internet service,No,No,One year,Yes,Mailed check,62.72,3681.05,25-48 Months,6,TRUE,64.58,
CUS00177,Male,Yes,Yes,Yes,58,Yes,Yes,No,No,Yes,No,No,No internet service,Yes,Month-to-month,Yes,Bank transfer (automatic),48.27,3102.5,0-12 Months,1,FALSE,53.49,
CUS00178,Female,Yes,No,No,59,No,Yes,No,Yes,Yes,Yes,No internet service,Yes,No internet service,One year,No,Bank transfer (automatic),75.6,4663.92,13-24 Months,6,TRUE,79.05,
CUS00179,Male,Yes,Yes,No,33,No,No,No,No,No internet service,Yes,No internet service,No internet service,No,One year,No,Credit card (automatic),81.72,2592.73,49-72 Months,6,FALSE,78.57,
CUS00180,Female,Yes,Yes,Yes,69,No,Yes,Fiber optic,No internet service,No,No,No internet service,Yes,No,One year,No,Electronic check,37.48,2678.59,25-48 Months,4,TRUE,38.82,
CUS00181,Male,No,No,No,63,No,No phone service,DSL,Yes,No,No internet service,Yes,Yes,Yes,Month-to-month,No,Bank transfer (automatic),98.14,6278.7,0-12 Months,4,FALSE,99.66,
CUS00182,Male,No,Yes,No,35,No,No phone service,No,No,Yes,No,No,No internet service,Yes,Two year,No,Mailed check,38.26,1344.57,0-12 Months,0,TRUE,38.42,
CUS00183,Male,Yes,Yes,Yes,67,No,No,DSL,No internet service,No internet service,No internet service,Yes,No internet service,No,Month-to-month,Yes,Mailed check,97.67,6454.93,13-24 Months,3,FALSE,96.34,
CUS00184,Male,Yes,No,Yes,28,Yes,Yes,No,No,Yes,No,Yes,No internet service,No,One year,No,Electronic check,25.05,823.2,0-12 Months,6,TRUE,29.4,
CUS00185,Female,Yes,Yes,No,4,Yes,No,No,No internet service,No,Yes,No,No,Yes,One year,Yes,Credit card (automatic),60.17,45.47,49-72 Months,4,FALSE,11.37,
CUS00186,Male,No,No,No,51,Yes,No,DSL,No,Yes,No internet service,No,Yes,No,Two year,Yes,Credit card (automatic),19.58,1281.53,25-48 Months,3,FALSE,25.13,
CUS00187,Male,Yes,Yes,Yes,48,No,No,Fiber optic,Yes,No,No internet service,No internet service,Yes,No,Two year,Yes,Bank transfer (automatic),99.1,4624.38,13-24 Months,0,FALSE,96.34,
CUS00188,Male,Yes,Yes,Yes,39,No,No phone service,DSL,No internet service,No internet service,Yes,No internet service,No,Yes,Month-to-month,No,Credit card (automatic),109.02,4310.48,25-48 Months,5,TRUE,110.53,
CUS00189,Female,Yes,No,Yes,36,Yes,No phone service,Fiber optic,No internet service,No,No internet service,No,No,Yes,Two year,Yes,Electronic check,94.26,3389.04,49-72 Months,3,TRUE,94.14,
CUS00190,Male,No,Yes,No,6,Yes,Yes,DSL,Yes,Yes,Yes,No internet service,Yes,No,Month-to-month,No,Electronic check,113.12,790.42,0-12 Months,5,TRUE,131.74,
CUS00191,Female,No,No,Yes,41,No,Yes,Fiber optic,No internet service,No internet service,No internet service,Yes,No internet service,Yes,Two year,Yes,Bank transfer (automatic),117.13,4975.01,25-48 Months,2,FALSE,121.34,
CUS00192,Female,No,Yes,Yes,41,Yes,No phone service,Fiber optic,Yes,Yes,No internet service,No,No,No,Two year,Yes,Electronic check,35.06,1407.16,13-24 Months,3,TRUE,34.32,
CUS00193,Female,No,No,No,15,No,No,Fiber optic,Yes,No,Yes,Yes,No internet service,No,One year,No,Credit card (automatic),32.38,130.43,0-12 Months,3,TRUE,8.7,
CUS00194,Female,No,No,Yes,54,No,No,Fiber optic,No,Yes,Yes,No internet service,No internet service,No,One year,No,Bank transfer (automatic),35.79,1790.88,13-24 Months,2,TRUE,33.16,
CUS00195,Male,No,No,Yes,32,No,Yes,No,Yes,No internet service,Yes,Yes,Yes,No internet service,Month-to-month,No,Bank transfer (automatic),28.41,1039.21,49-72 Months,2,TRUE,32.48,
CUS00196,Male,No,No,Yes,44,Yes,No,DSL,No internet service,Yes,Yes,No,No,No internet service,Month-to-month,Yes,Mailed check,108.52,4871.05,49-72 Months,6,FALSE,110.71,
CUS00197,Female,No,Yes,No,7,No,Yes,Fiber optic,No internet service,No internet service,Yes,Yes,No internet service,Yes,Month-to-month,No,Credit card (automatic),64.86,435.42,25-48 Months,0,TRUE,62.2,
CUS00198,Male,Yes,No,No,69,No,No,No,Yes,No internet service,No,No,No internet service,No internet service,Month-to-month,Yes,Bank transfer (automatic),43.98,3056.2,25-48 Months,2,TRUE,44.29,
CUS00199,Male,No,No,No,4,No,Yes,No,No,No,No internet service,No,No,No internet service,Two year,Yes,Electronic check,90.51,348.47,13-24 Months,3,TRUE,87.12,
CUS00200,Female,No,No,No,28,Yes,Yes,Fiber optic,Yes,No,No internet service,Yes,Yes,Yes,One year,Yes,Mailed check,114.33,3074.89,13-24 Months,5,TRUE,109.82,
CUS00201,Male,No,Yes,Yes,13,No,Yes,No,No,Yes,Yes,No,No internet service,Yes,Month-to-month,Yes,Mailed check,45.5,155.76,0-12 Months,2,FALSE,11.98,
CUS00202,Female,No,No,No,45,Yes,No phone service,DSL,No,No internet service,No internet service,Yes,No internet service,No internet service,One year,No,Bank transfer (automatic),80.97,3687.09,0-12 Months,4,TRUE,81.94,
CUS00203,Male,No,No,No,26,Yes,No phone service,No,No,No,No internet service,No,Yes,No,Month-to-month,Yes,Credit card (automatic),66.27,1659.68,25-48 Months,0,FALSE,63.83,
CUS00204,Male,Yes,Yes,Yes,64,No,No,No,No,Yes,No,No internet service,Yes,Yes,Month-to-month,Yes,Electronic check,44.78,2927.74,13-24 Months,3,TRUE,45.75,
CUS00205,Female,Yes,Yes,No,17,No,No phone service,Fiber optic,No internet service,No internet service,No,No internet service,No internet service,Yes,Month-to-month,No,Electronic check,58.79,1033.75,0-12 Months,5,TRUE,60.81,
CUS00206,Female,No,No,Yes,52,Yes,No,No,No internet service,No,Yes,Yes,No,Yes,One year,No,Mailed check,86.72,4997.6,49-72 Months,2,FALSE,96.11,
CUS00207,Female,No,Yes,Yes,16,No,Yes,DSL,No internet service,No,No internet service,No internet service,No,No,Month-to-month,No,Credit card (automatic),66.22,781.59,25-48 Months,3,FALSE,48.85,
CUS00208,Male,No,Yes,No,22,No,No,Fiber optic,No internet service,No,Yes,Yes,No internet service,No internet service,One year,Yes,Credit card (automatic),30.75,741.55,0-12 Months,3,FALSE,33.71,
CUS00209,Male,No,Yes,No,42,No,No phone service,Fiber optic,No,No internet service,No,No internet service,No internet service,Yes,Month-to-month,Yes,Credit card (automatic),44.52,2069.87,49-72 Months,3,FALSE,49.28,
CUS00210,Female,Yes,Yes,No,44,No,No phone service,No,Yes,No,Yes,Yes,Yes,No,Month-to-month,Yes,Electronic check,107.91,4918.53,49-72 Months,2,TRUE,111.78,
CUS00211,Female,No,No,No,51,No,No,Fiber optic,Yes,No internet service,No,Yes,No,No,Month-to-month,Yes,Electronic check,96.89,5001.24,13-24 Months,6,TRUE,98.06,
CUS00212,Female,No,Yes,Yes,34,No,Yes,Fiber optic,No internet service,No,No internet service,No internet service,Yes,Yes,One year,Yes,Electronic check,66.28,2208.44,13-24 Months,2,TRUE,64.95,
CUS00213,Male,No,Yes,Yes,7,No,Yes,DSL,No internet service,No internet service,Yes,Yes,Yes,Yes,Month-to-month,No,Mailed check,91.7,517.24,13-24 Months,2,TRUE,73.89,
CUS00214,Male,No,No,Yes,28,Yes,No phone service,DSL,Yes,No,No internet service,No internet service,No,No internet service,One year,Yes,Electronic check,92.65,2597.37,49-72 Months,6,TRUE,92.76,
CUS00215,Female,No,No,No,23,Yes,Yes,DSL,No,No internet service,Yes,No,No internet service,No internet service,One year,Yes,Bank transfer (automatic),89.21,2164.99,49-72 Months,1,FALSE,94.13,
CUS00216,Female,Yes,Yes,No,2,Yes,Yes,DSL,Yes,No internet service,No internet service,Yes,No internet service,No,Two year,Yes,Mailed check,113.67,113.17,13-24 Months,1,FALSE,56.59,
CUS00217,Female,No,No,No,43,Yes,Yes,No,No,No internet service,No internet service,Yes,No,No,One year,No,Electronic check,64.58,2568.27,0-12 Months,5,TRUE,59.73,
CUS00218,Female,No,Yes,No,30,No,No phone service,No,No internet service,No,No internet service,No,No,Yes,One year,Yes,Electronic check,46.66,1466.9,49-72 Months,2,TRUE,48.9,
CUS00219,Male,No,No,No,18,No,No,No,No internet service,No,No internet service,No internet service,No internet service,No internet service,One year,No,Bank transfer (automatic),103.01,2002.17,0-12 Months,1,FALSE,111.23,
CUS00220,Male,No,Yes,Yes,48,Yes,No phone service,No,Yes,No,No internet service,No internet service,No internet service,Yes,Two year,Yes,Mailed check,80.37,3800.91,25-48 Months,6,TRUE,79.19,
CUS00221,Male,Yes,No,Yes,32,Yes,Yes,No,No,Yes,No internet service,No internet service,No internet service,Yes,Two year,Yes,Electronic check,50.65,1642.1,49-72 Months,5,TRUE,51.32,
CUS00222,Male,Yes,Yes,Yes,69,No,No phone service,Fiber optic,No,No internet service,No internet service,Yes,Yes,No internet service,One year,Yes,Mailed check,28.87,2181.12,13-24 Months,0,TRUE,31.61,
CUS00223,Male,Yes,Yes,Yes,10,No,Yes,Fiber optic,No,No,No internet service,Yes,No internet service,No internet service,One year,Yes,Mailed check,71.63,766.48,49-72 Months,3,FALSE,76.65,
CUS00224,Female,No,Yes,No,2,No,No phone service,No,Yes,No,No,No,Yes,Yes,Month-to-month,No,Credit card (automatic),30.21,38.98,0-12 Months,5,TRUE,19.49,
CUS00225,Male,No,No,Yes,37,Yes,No phone service,Fiber optic,Yes,Yes,No internet service,Yes,Yes,No,Month-to-month,Yes,Electronic check,46.01,1596.71,0-12 Months,3,TRUE,43.15,
CUS00226,Male,No,Yes,No,60,Yes,No,DSL,Yes,Yes,No,No,Yes,No internet service,Two year,Yes,Bank transfer (automatic),105.86,6259.03,0-12 Months,0,TRUE,104.32,
CUS00227,Female,No,No,No,63,Yes,No,Fiber optic,Yes,No internet service,No internet service,No,Yes,No,One year,Yes,Electronic check,73.64,4721.9,25-48 Months,2,TRUE,74.95,
CUS00228,Female,Yes,No,No,59,Yes,No phone service,DSL,No,No internet service,Yes,No,Yes,No,Two year,Yes,Electronic check,30.47,1597.33,0-12 Months,3,TRUE,27.07,
CUS00229,Female,No,Yes,No,34,No,Yes,DSL,No internet service,No,No internet service,No,Yes,Yes,Two year,No,Credit card (automatic),38.67,1430.57,13-24 Months,3,FALSE,42.08,
CUS00230,Male,Yes,Yes,Yes,71,No,Yes,Fiber optic,Yes,No,No internet service,Yes,Yes,No,Two year,No,Bank transfer (automatic),53.77,3946.08,25-48 Months,6,FALSE,55.58,
CUS00231,Male,Yes,Yes,No,15,No,No phone service,No,No,No internet service,No internet service,No,No,Yes,Month-to-month,No,Electronic check,62.26,858.03,0-12 Months,0,TRUE,57.2,
CUS00232,Female,No,No,Yes,35,No,No,Fiber optic,No internet service,No,Yes,No internet service,No,Yes,Month-to-month,Yes,Credit card (automatic),21.14,1002.29,13-24 Months,6,TRUE,28.64,
CUS00233,Male,No,No,Yes,28,No,No phone service,No,No internet service,No,Yes,No,No,Yes,Two year,No,Electronic check,44.33,1124.9,13-24 Months,1,TRUE,40.18,
CUS00234,Male,Yes,No,No,35,No,No,DSL,No,No,No internet service,No,Yes,Yes,Month-to-month,Yes,Credit card (automatic),87.31,3196.59,13-24 Months,6,FALSE,91.33,
CUS00235,Female,No,No,No,43,No,Yes,DSL,Yes,Yes,Yes,Yes,No internet service,No,One year,Yes,Bank transfer (automatic),116.91,4675.44,0-12 Months,6,FALSE,108.73,
CUS00236,Male,Yes,No,No,35,Yes,No phone service,No,No internet service,No,Yes,No,No internet service,No internet service,Two year,No,Credit card (automatic),87.17,3107.47,13-24 Months,0,TRUE,88.78,
CUS00237,Male,No,No,No,64,Yes,Yes,No,No,Yes,No,Yes,Yes,Yes,One year,No,Mailed check,73.58,4593.39,13-24 Months,2,FALSE,71.77,
CUS00238,Female,No,No,No,68,Yes,Yes,DSL,No,No internet service,No internet service,No,No internet service,No internet service,One year,No,Mailed check,102.51,7038.51,0-12 Months,1,FALSE,103.51,
CUS00239,Male,No,No,Yes,21,Yes,No,No,No internet service,No,No,Yes,No,No internet service,Month-to-month,No,Bank transfer (automatic),117.59,2339.81,0-12 Months,2,FALSE,111.42,
CUS00240,Male,Yes,No,No,47,Yes,No phone service,Fiber optic,No,Yes,No internet service,No internet service,No,Yes,Month-to-month,No,Bank transfer (automatic),43.98,2344.12,0-12 Months,3,FALSE,49.87,
CUS00241,Male,Yes,Yes,No,58,Yes,No phone service,Fiber optic,No internet service,No,No internet service,Yes,No,No,One year,Yes,Bank transfer (automatic),72.35,4283.52,0-12 Months,0,TRUE,73.85,
CUS00242,Male,Yes,Yes,Yes,10,No,No phone service,DSL,Yes,Yes,Yes,No internet service,Yes,No,One year,Yes,Credit card (automatic),97.03,992.68,0-12 Months,5,TRUE,99.27,
CUS00243,Male,Yes,No,No,1,Yes,No,Fiber optic,Yes,No internet service,Yes,Yes,No internet service,No,Two year,Yes,Mailed check,58.47,156.81,0-12 Months,5,TRUE,156.81,
CUS00244,Female,Yes,Yes,Yes,38,No,Yes,DSL,Yes,No,Yes,Yes,Yes,No,Month-to-month,Yes,Mailed check,61.41,2132.25,13-24 Months,6,TRUE,56.11,
CUS00245,Male,No,Yes,Yes,1,Yes,No,No,No,No internet service,No internet service,No internet service,No,Yes,Month-to-month,No,Mailed check,88.7,209.8,49-72 Months,5,TRUE,209.8,
CUS00246,Female,Yes,No,No,15,No,No,DSL,No,No,No,Yes,Yes,Yes,One year,Yes,Bank transfer (automatic),56.24,944.78,25-48 Months,0,FALSE,62.99,
CUS00247,Male,No,No,Yes,60,No,No,DSL,No,Yes,Yes,No internet service,No internet service,No internet service,Month-to-month,Yes,Credit card (automatic),59.27,3611.24,25-48 Months,1,FALSE,60.19,
CUS00248,Female,Yes,No,No,5,No,No,No,Yes,No internet service,No internet service,No,Yes,No,Two year,Yes,Electronic check,67.94,426.63,13-24 Months,3,TRUE,85.33,
CUS00249,Female,Yes,Yes,No,56,No,Yes,DSL,No internet service,No,No,No internet service,No,No internet service,Month-to-month,Yes,Mailed check,59.17,2986.0,49-72 Months,0,TRUE,53.32,
CUS00250,Female,Yes,No,Yes,54,No,Yes,DSL,Yes,Yes,No,Yes,Yes,No internet service,Two year,No,Electronic check,66.4,3763.34,25-48 Months,1,TRUE,69.69,
CUS00251,Female,No,No,No,59,No,Yes,Fiber optic,No internet service,No internet service,Yes,Yes,No internet service,No,Two year,Yes,Mailed check,69.41,4408.77,25-48 Months,1,FALSE,74.72,
CUS00252,Male,Yes,No,No,49,Yes,No,No,No,Yes,No internet service,Yes,No,No internet service,Month-to-month,Yes,Bank transfer (automatic),73.18,3634.01,25-48 Months,6,FALSE,74.16,
CUS00253,Female,Yes,No,Yes,2,No,No,No,Yes,No internet service,No internet service,No internet service,Yes,No internet service,Month-to-month,Yes,Credit card (automatic),79.75,43.4,13-24 Months,0,FALSE,21.7,
CUS00254,Male,Yes,No,No,6,Yes,No,No,No internet service,No internet service,No internet service,Yes,No,No,Two year,No,Mailed check,107.72,444.91,0-12 Months,0,FALSE,74.15,
CUS00255,Female,No,Yes,No,36,Yes,Yes,DSL,No internet service,No,No internet service,No internet service,No,No,Month-to-month,No,Credit card (automatic),35.27,1324.37,13-24 Months,3,TRUE,36.79,
CUS00256,Female,Yes,Yes,No,30,Yes,No phone service,Fiber optic,No,No internet service,No internet service,No,Yes,No internet service,Month-to-month,Yes,Bank transfer (automatic),80.21,2724.2,49-72 Months,6,FALSE,90.81,
CUS00257,Male,No,Yes,No,69,Yes,No phone service,DSL,Yes,Yes,No,No,Yes,Yes,Month-to-month,Yes,Credit card (automatic),54.53,3830.15,25-48 Months,1,FALSE,55.51,
CUS00258,Female,No,Yes,Yes,26,No,No phone service,DSL,No,Yes,Yes,No,Yes,No,Month-to-month,Yes,Bank transfer (automatic),34.7,788.95,0-12 Months,5,TRUE,30.34,
CUS00259,Male,Yes,Yes,No,53,Yes,Yes,No,No,No internet service,Yes,No,No internet service,No,Two year,No,Bank transfer (automatic),81.07,4630.92,49-72 Months,3,FALSE,87.38,
CUS00260,Female,No,Yes,Yes,63,Yes,Yes,DSL,No internet service,No,No,No internet service,No,Yes,Two year,Yes,Credit card (automatic),97.26,5853.31,25-48 Months,1,TRUE,92.91,
CUS00261,Female,Yes,No,No,39,Yes,No phone service,No,No internet service,No internet service,No,Yes,Yes,No internet service,Two year,No,Bank transfer (automatic),32.41,1443.81,49-72 Months,0,TRUE,37.02,
CUS00262,Male,Yes,Yes,No,61,No,Yes,No,No internet service,No internet service,No internet service,No internet service,No internet service,Yes,One year,Yes,Mailed check,63.28,3758.9,25-48 Months,1,TRUE,61.62,
CUS00263,Female,No,No,No,62,Yes,No phone service,Fiber optic,No internet service,Yes,No internet service,Yes,Yes,Yes,Two year,Yes,Mailed check,30.99,1718.21,13-24 Months,1,TRUE,27.71,
CUS00264,Male,No,Yes,Yes,65,No,No phone service,DSL,No,Yes,No internet service,No,Yes,Yes,One year,Yes,Mailed check,107.86,6810.42,13-24 Months,1,FALSE,104.78,
CUS00265,Female,Yes,No,Yes,65,Yes,Yes,DSL,Yes,Yes,Yes,Yes,Yes,No,Two year,Yes,Bank transfer (automatic),32.41,1964.87,49-72 Months,0,TRUE,30.23,
CUS00266,Female,Yes,No,No,44,No,No phone service,DSL,No internet service,No internet service,No internet service,Yes,No internet service,No,Two year,Yes,Mailed check,57.69,2582.95,25-48 Months,1,FALSE,58.7,
CUS00267,Male,No,Yes,Yes,4,Yes,No,DSL,Yes,No internet service,Yes,No internet service,Yes,No internet service,Two year,No,Mailed check,47.65,167.91,49-72 Months,6,TRUE,41.98,
CUS00268,Female,Yes,No,Yes,58,Yes,No phone service,No,No internet service,No internet service,No,No,Yes,Yes,One year,Yes,Electronic check,71.68,4129.08,13-24 Months,1,TRUE,71.19,
CUS00269,Male,No,Yes,No,36,No,No,DSL,Yes,No,No internet service,No internet service,No,Yes,Two year,Yes,Bank transfer (automatic),39.02,1516.46,25-48 Months,0,TRUE,42.12,
CUS00270,Female,Yes,Yes,No,51,No,Yes,DSL,Yes,No,Yes,No internet service,No,Yes,One year,Yes,Bank transfer (automatic),58.78,3161.7,13-24 Months,4,FALSE,61.99,
CUS00271,Female,No,Yes,No,30,No,No phone service,No,No,No,No internet service,Yes,No,No internet service,Month-to-month,No,Credit card (automatic),26.14,1006.32,49-72 Months,6,TRUE,33.54,
CUS00272,Male,Yes,Yes,Yes,1,Yes,Yes,Fiber optic,No,Yes,Yes,Yes,No,No,Two year,Yes,Credit card (automatic),91.11,313.4,13-24 Months,4,TRUE,313.4,
CUS00273,Male,No,No,No,8,No,No,DSL,No internet service,Yes,No internet service,Yes,No internet service,No,Two year,Yes,Bank transfer (automatic),80.47,550.9,0-12 Months,6,TRUE,68.86,
CUS00274,Male,No,Yes,Yes,45,Yes,Yes,DSL,No,Yes,Yes,No,No,Yes,Month-to-month,No,Electronic check,109.26,4576.12,0-12 Months,5,TRUE,101.69,
CUS00275,Female,Yes,No,No,24,Yes,Yes,DSL,Yes,No internet service,Yes,No,No,Yes,Month-to-month,No,Electronic check,33.76,612.15,13-24 Months,3,TRUE,25.51,
CUS00276,Male,No,No,Yes,30,Yes,No,No,Yes,Yes,No internet service,No internet service,No internet service,Yes,Two year,Yes,Electronic check,104.06,3226.24,0-12 Months,1,TRUE,107.54,
CUS00277,Female,Yes,Yes,No,56,Yes,No phone service,DSL,No internet service,No,Yes,No internet service,No internet service,No internet service,Two year,Yes,Mailed check,20.26,976.59,25-48 Months,4,TRUE,17.44,
CUS00278,Female,No,Yes,Yes,67,No,Yes,DSL,No internet service,No,No,Yes,Yes,No,Month-to-month,No,Credit card (automatic),97.55,6639.1,49-72 Months,6,FALSE,99.09,
CUS00279,Female,Yes,No,No,70,Yes,Yes,No,No,No,Yes,No internet service,No,No,Month-to-month,No,Mailed check,97.85,6815.84,0-12 Months,2,TRUE,97.37,
CUS00280,Female,Yes,Yes,Yes,28,Yes,Yes,Fiber optic,Yes,Yes,No internet service,No,No,No internet service,One year,Yes,Credit card (automatic),84.61,2140.5,25-48 Months,6,FALSE,76.45,
CUS00281,Female,Yes,No,Yes,60,Yes,No phone service,DSL,No internet service,No,No internet service,Yes,No,No,One year,Yes,Bank transfer (automatic),101.35,6023.19,0-12 Months,6,TRUE,100.39,
CUS00282,Male,No,Yes,Yes,35,Yes,Yes,DSL,No internet service,No internet service,Yes,No,No,No internet service,One year,No,Mailed check,98.23,3290.39,13-24 Months,2,TRUE,94.01,
CUS00283,Female,No,No,Yes,64,Yes,Yes,Fiber optic,Yes,Yes,Yes,No,No,No internet service,Two year,Yes,Mailed check,62.9,3629.06,13-24 Months,0,TRUE,56.7,
CUS00284,Female,No,No,Yes,69,No,No,No,No,No,Yes,No,No,Yes,Month-to-month,No,Electronic check,63.25,4039.9,25-48 Months,2,TRUE,58.55,
CUS00285,Male,Yes,Yes,No,12,Yes,No phone service,Fiber optic,No,No,No,No internet service,No internet service,No internet service,Two year,No,Credit card (automatic),47.98,681.29,0-12 Months,6,FALSE,56.77,
CUS00286,Male,No,Yes,No,23,Yes,Yes,No,Yes,No,No internet service,No,Yes,No,Two year,No,Mailed check,74.73,1737.49,13-24 Months,4,TRUE,75.54,
CUS00287,Male,No,No,No,50,No,Yes,No,No internet service,No internet service,No internet service,Yes,No,Yes,One year,No,Electronic check,51.16,2430.65,13-24 Months,6,TRUE,48.61,
CUS00288,Female,No,Yes,Yes,13,Yes,No phone service,No,No internet service,Yes,Yes,No,No internet service,No,Month-to-month,No,Credit card (automatic),22.46,355.4,0-12 Months,3,TRUE,27.34,
CUS00289,Female,No,No,No,30,No,No phone service,Fiber optic,No,Yes,No internet service,No internet service,No,Yes,Two year,Yes,Electronic check,73.13,2201.08,13-24 Months,4,TRUE,73.37,
CUS00290,Female,Yes,No,No,50,Yes,No,Fiber optic,No,Yes,No,Yes,No,Yes,One year,Yes,Mailed check,42.29,2327.25,0-12 Months,6,FALSE,46.55,
CUS00291,Female,No,No,No,3,Yes,Yes,No,Yes,Yes,Yes,Yes,Yes,Yes,Two year,No,Credit card (automatic),98.42,146.42,13-24 Months,0,FALSE,48.81,
CUS00292,Male,Yes,Yes,Yes,31,Yes,No phone service,DSL,No internet service,No,No,No,Yes,Yes,Month-to-month,No,Mailed check,20.9,687.14,0-12 Months,4,TRUE,22.17,
CUS00293,Male,Yes,No,No,69,No,No phone service,Fiber optic,No,Yes,No internet service,No,Yes,No,Month-to-month,Yes,Bank transfer (automatic),35.59,2493.37,0-12 Months,3,FALSE,36.14,
CUS00294,Male,Yes,Yes,No,8,Yes,Yes,No,No,No,No internet service,Yes,No,Yes,One year,Yes,Mailed check,85.91,517.79,0-12 Months,2,TRUE,64.72,
CUS00295,Male,No,Yes,Yes,46,No,No,Fiber optic,No internet service,No,No internet service,No internet service,No internet service,No internet service,One year,No,Bank transfer (automatic),78.51,3728.12,13-24 Months,4,FALSE,81.05,
CUS00296,Male,Yes,No,Yes,20,Yes,No phone service,DSL,Yes,No,Yes,No internet service,Yes,Yes,Month-to-month,No,Credit card (automatic),70.93,1160.29,25-48 Months,0,TRUE,58.01,
CUS00297,Female,No,No,Yes,51,No,Yes,No,No,No internet service,No internet service,Yes,No internet service,Yes,One year,No,Credit card (automatic),46.86,2458.71,13-24 Months,5,TRUE,48.21,
CUS00298,Male,Yes,No,Yes,10,Yes,No,No,No internet service,Yes,Yes,Yes,No internet service,Yes,Month-to-month,Yes,Mailed check,57.6,441.29,25-48 Months,6,TRUE,44.13,
CUS00299,Male,Yes,Yes,No,31,No,Yes,DSL,No,Yes,Yes,No,No,Yes,Two year,Yes,Credit card (automatic),74.37,2651.49,25-48 Months,0,FALSE,85.53,
CUS00300,Female,No,Yes,No,33,No,Yes,No,No,No,No internet service,Yes,Yes,No,One year,Yes,Credit card (automatic),21.27,776.33,0-12 Months,4,TRUE,23.53,
CUS00301,Female,No,Yes,Yes,53,Yes,No phone service,Fiber optic,Yes,No internet service,No,Yes,No,No,One year,No,Electronic check,41.93,2086.33,13-24 Months,0,TRUE,39.36,
CUS00302,Female,No,No,Yes,24,Yes,No phone service,DSL,Yes,No,No internet service,Yes,Yes,Yes,One year,No,Mailed check,89.77,2004.83,0-12 Months,4,TRUE,83.53,
CUS00303,Female,Yes,Yes,No,12,Yes,No,Fiber optic,Yes,No internet service,No internet service,No,Yes,No,Two year,No,Electronic check,66.04,602.2,0-12 Months,3,TRUE,50.18,
CUS00304,Female,No,Yes,Yes,59,Yes,No phone service,Fiber optic,No,Yes,No internet service,Yes,Yes,No internet service,Two year,No,Bank transfer (automatic),72.85,4393.75,13-24 Months,4,FALSE,74.47,
CUS00305,Male,Yes,Yes,No,68,Yes,Yes,No,No internet service,No,No internet service,No internet service,Yes,No internet service,One year,No,Electronic check,42.6,2789.05,25-48 Months,0,TRUE,41.02,
CUS00306,Female,No,No,No,24,No,No phone service,DSL,Yes,Yes,No,No,Yes,No internet service,One year,Yes,Credit card (automatic),27.84,790.39,49-72 Months,5,TRUE,32.93,
CUS00307,Male,No,Yes,No,39,No,No,No,No internet service,No internet service,No,No internet service,No,No,Two year,Yes,Mailed check,35.85,1597.28,0-12 Months,1,TRUE,40.96,
CUS00308,Male,No,Yes,No,27,No,No phone service,No,No,No,No internet service,Yes,No internet service,No,One year,No,Bank transfer (automatic),38.65,1079.5,0-12 Months,4,FALSE,39.98,
CUS00309,Female,No,No,No,13,Yes,Yes,DSL,Yes,No,Yes,No,No internet service,Yes,Two year,No,Bank transfer (automatic),58.8,573.11,25-48 Months,5,FALSE,44.09,
CUS00310,Female,No,No,Yes,26,No,Yes,No,No internet service,No,No,Yes,Yes,No,Month-to-month,No,Bank transfer (automatic),41.35,827.56,25-48 Months,1,FALSE,31.83,
CUS00311,Male,Yes,Yes,Yes,21,Yes,No,No,No,Yes,No internet service,No,No internet service,No,One year,Yes,Mailed check,76.63,1545.49,49-72 Months,5,TRUE,73.59,
CUS00312,Male,No,Yes,No,31,No,Yes,Fiber optic,No,No,No,Yes,No,No internet service,One year,Yes,Bank transfer (automatic),104.64,3219.87,13-24 Months,6,TRUE,103.87,
CUS00313,Male,Yes,No,Yes,35,Yes,No,DSL,No,Yes,No internet service,No internet service,Yes,Yes,Two year,No,Credit card (automatic),19.0,835.29,25-48 Months,2,TRUE,23.87,
CUS00314,Male,Yes,Yes,No,27,Yes,Yes,Fiber optic,No,Yes,Yes,No internet service,No,No internet service,Month-to-month,Yes,Mailed check,18.73,804.15,49-72 Months,3,FALSE,29.78,
CUS00315,Male,Yes,No,Yes,28,No,Yes,Fiber optic,No internet service,No,No internet service,Yes,No internet service,Yes,Two year,Yes,Electronic check,104.84,2910.43,49-72 Months,0,TRUE,103.94,
CUS00316,Female,No,No,No,66,Yes,No,Fiber optic,No,No,No internet service,No internet service,Yes,No internet service,One year,No,Bank transfer (automatic),40.98,2740.07,0-12 Months,5,TRUE,41.52,
CUS00317,Male,No,No,Yes,63,Yes,No phone service,Fiber optic,No,No internet service,No internet service,No,No internet service,No internet service,Two year,No,Credit card (automatic),26.86,1824.45,25-48 Months,6,TRUE,28.96,
CUS00318,Female,No,Yes,Yes,53,No,No,DSL,No internet service,No,Yes,No,Yes,Yes,Month-to-month,Yes,Mailed check,68.6,3668.12,0-12 Months,2,TRUE,69.21,
CUS00319,Female,Yes,Yes,Yes,7,No,Yes,Fiber optic,No internet service,Yes,No internet service,No,No,No internet service,Month-to-month,Yes,Mailed check,106.92,771.02,0-12 Months,3,TRUE,110.15,
CUS00320,Female,No,Yes,No,19,Yes,No phone service,No,No internet service,No,No internet service,No internet service,No internet service,No,Month-to-month,No,Bank transfer (automatic),22.04,699.9,13-24 Months,3,TRUE,36.84,
CUS00321,Male,No,Yes,Yes,26,No,No phone service,Fiber optic,Yes,No internet service,No internet service,No internet service,Yes,No,One year,Yes,Credit card (automatic),47.77,1025.47,0-12 Months,0,FALSE,39.44,
CUS00322,Male,No,Yes,Yes,37,No,No,DSL,No internet service,No internet service,Yes,No,Yes,Yes,Month-to-month,Yes,Credit card (automatic),108.25,4052.78,0-12 Months,5,FALSE,109.53,
CUS00323,Female,No,Yes,Yes,24,No,No phone service,No,No internet service,No internet service,No,No,Yes,No,Two year,Yes,Mailed check,108.19,2518.97,13-24 Months,1,FALSE,104.96,
CUS00324,Male,No,Yes,Yes,57,No,No,Fiber optic,Yes,No,No,No internet service,No,No,One year,No,Mailed check,87.72,5047.37,49-72 Months,2,TRUE,88.55,
CUS00325,Male,Yes,Yes,Yes,31,No,Yes,DSL,No internet service,Yes,Yes,No internet service,No internet service,No internet service,Two year,No,Credit card (automatic),50.22,1776.52,13-24 Months,1,TRUE,57.31,
CUS00326,Male,No,Yes,No,62,No,Yes,DSL,Yes,Yes,No internet service,Yes,No,No internet service,Month-to-month,Yes,Bank transfer (automatic),29.27,1809.86,49-72 Months,5,FALSE,29.19,
CUS00327,Female,No,Yes,No,64,Yes,No,No,Yes,Yes,No,No internet service,Yes,Yes,Two year,Yes,Electronic check,79.16,5204.28,49-72 Months,2,TRUE,81.32,
CUS00328,Male,No,Yes,Yes,51,Yes,No phone service,No,No,No,Yes,No,No internet service,No internet service,One year,No,Electronic check,103.45,5535.45,13-24 Months,6,TRUE,108.54,
CUS00329,Female,No,Yes,Yes,52,Yes,Yes,Fiber optic,No internet service,No,Yes,No internet service,Yes,No internet service,Two year,No,Bank transfer (automatic),105.04,5805.23,13-24 Months,2,TRUE,111.64,
CUS00330,Male,Yes,No,No,31,Yes,No,DSL,No internet service,No internet service,No,Yes,No,No,Two year,Yes,Electronic check,85.56,2318.24,25-48 Months,2,TRUE,74.78,
CUS00331,Male,No,No,No,21,No,No phone service,DSL,No internet service,No,Yes,No internet service,No internet service,No internet service,Month-to-month,No,Bank transfer (automatic),36.31,849.08,0-12 Months,0,FALSE,40.43,
CUS00332,Female,Yes,Yes,No,35,Yes,No,Fiber optic,No internet service,No,No,No internet service,No,No,Month-to-month,No,Credit card (automatic),19.3,822.23,25-48 Months,2,FALSE,23.49,
CUS00333,Female,Yes,Yes,Yes,21,Yes,Yes,DSL,No internet service,Yes,No,No,No,No,One year,No,Bank transfer (automatic),44.7,614.67,0-12 Months,6,FALSE,29.27,
CUS00334,Female,No,Yes,No,60,Yes,Yes,DSL,No,No internet service,Yes,Yes,No internet service,No,One year,Yes,Bank transfer (automatic),90.43,5387.78,13-24 Months,6,TRUE,89.8,
CUS00335,Male,No,No,Yes,2,Yes,Yes,No,No internet service,No internet service,Yes,No internet service,No internet service,Yes,Month-to-month,Yes,Credit card (automatic),20.56,33.18,25-48 Months,5,TRUE,16.59,
CUS00336,Female,No,Yes,No,69,No,No phone service,Fiber optic,No,No internet service,No internet service,Yes,No internet service,No internet service,Two year,Yes,Electronic check,78.96,5332.59,49-72 Months,5,TRUE,77.28,
CUS00337,Female,Yes,No,Yes,4,Yes,Yes,DSL,Yes,No internet service,No,No,No,No internet service,Two year,Yes,Electronic check,85.56,486.8,0-12 Months,5,TRUE,121.7,
CUS00338,Male,Yes,No,No,56,Yes,No,No,No,No internet service,Yes,No internet service,No internet service,No,Month-to-month,No,Mailed check,109.86,6157.5,25-48 Months,5,FALSE,109.96,
CUS00339,Male,Yes,Yes,Yes,9,No,No phone service,No,No internet service,Yes,No,No,No,Yes,One year,No,Credit card (automatic),37.82,415.42,0-12 Months,1,TRUE,46.16,
CUS00340,Male,No,Yes,No,71,Yes,No,DSL,No internet service,Yes,No,No internet service,Yes,Yes,Month-to-month,Yes,Mailed check,49.1,3653.41,0-12 Months,2,FALSE,51.46,
CUS00341,Female,Yes,No,No,48,No,Yes,DSL,No internet service,No internet service,No internet service,No internet service,No,No,Two year,Yes,Electronic check,104.76,5156.61,25-48 Months,6,TRUE,107.43,
CUS00342,Female,Yes,Yes,No,70,Yes,No phone service,Fiber optic,No,Yes,No internet service,Yes,No internet service,No internet service,Month-to-month,No,Electronic check,112.06,8014.91,49-72 Months,0,TRUE,114.5,
CUS00343,Female,Yes,No,No,60,No,No,Fiber optic,Yes,Yes,No,No,No,No,One year,No,Mailed check,108.05,6852.55,13-24 Months,3,TRUE,114.21,
CUS00344,Female,No,No,Yes,18,Yes,Yes,DSL,No,No,Yes,No,Yes,No internet service,One year,Yes,Credit card (automatic),39.21,592.51,13-24 Months,0,TRUE,32.92,
CUS00345,Male,No,Yes,No,63,No,No phone service,Fiber optic,No,No,No,No internet service,No internet service,Yes,Two year,No,Credit card (automatic),52.38,3657.55,13-24 Months,1,FALSE,58.06,
CUS00346,Female,Yes,Yes,Yes,52,No,Yes,Fiber optic,Yes,No internet service,Yes,No,No,Yes,Two year,No,Electronic check,43.54,2252.04,13-24 Months,2,TRUE,43.31,
CUS00347,Female,No,Yes,No,38,No,No,DSL,No,No,Yes,No,Yes,No internet service,Month-to-month,Yes,Bank transfer (automatic),114.56,4259.46,0-12 Months,3,FALSE,112.09,
CUS00348,Female,Yes,No,Yes,8,No,No,Fiber optic,Yes,Yes,Yes,No internet service,Yes,No,One year,No,Bank transfer (automatic),99.11,782.33,13-24 Months,0,TRUE,97.79,
CUS00349,Male,No,No,Yes,32,Yes,Yes,Fiber optic,No internet service,Yes,No internet service,No internet service,No internet service,No,Two year,Yes,Electronic check,92.48,2956.66,49-72 Months,1,TRUE,92.4,
CUS00350,Female,Yes,Yes,No,56,Yes,No phone service,DSL,No,No,No,No internet service,Yes,No,Month-to-month,Yes,Bank transfer (automatic),36.78,1916.12,25-48 Months,6,TRUE,34.22,
CUS00351,Male,No,No,Yes,2,Yes,No phone service,Fiber optic,No,Yes,No internet service,No,No,No internet service,One year,Yes,Electronic check,102.27,0.0,25-48 Months,4,TRUE,0.0,
CUS00352,Female,No,No,Yes,5,No,No phone service,No,Yes,No internet service,No internet service,No,No,Yes,Two year,No,Electronic check,114.22,404.48,0-12 Months,1,TRUE,80.9,
CUS00353,Male,Yes,No,Yes,53,Yes,No phone service,Fiber optic,No,Yes,Yes,No internet service,No internet service,Yes,Two year,No,Credit card (automatic),32.45,1504.57,13-24 Months,2,TRUE,28.39,
CUS00354,Male,No,No,No,13,No,Yes,Fiber optic,Yes,No,No,No,No,No internet service,Two year,No,Mailed check,113.79,1589.25,49-72 Months,5,TRUE,122.25,
CUS00355,Male,No,No,Yes,27,No,No phone service,DSL,Yes,No internet service,No,No internet service,No,No,Month-to-month,No,Bank transfer (automatic),74.21,1874.09,13-24 Months,4,TRUE,69.41,
CUS00356,Male,Yes,Yes,Yes,11,Yes,No phone service,No,No internet service,No internet service,No,Yes,No,Yes,One year,No,Credit card (automatic),19.86,315.22,49-72 Months,3,FALSE,28.66,
CUS00357,Male,Yes,No,No,35,No,No,No,No internet service,Yes,No,No internet service,Yes,No,One year,Yes,Mailed check,66.93,2551.7,49-72 Months,5,FALSE,72.91,
CUS00358,Female,Yes,No,Yes,39,Yes,Yes,DSL,Yes,No,No internet service,No,No,No internet service,Month-to-month,Yes,Credit card (automatic),20.93,893.19,25-48 Months,1,TRUE,22.9,
CUS00359,Female,Yes,No,Yes,4,No,Yes,No,No,No,No internet service,No internet service,No,No,Two year,Yes,Credit card (automatic),99.92,398.65,49-72 Months,0,FALSE,99.66,
CUS00360,Male,No,Yes,No,2,Yes,No,DSL,Yes,No internet service,No internet service,Yes,No,No internet service,One year,Yes,Credit card (automatic),41.73,19.54,0-12 Months,4,FALSE,9.77,
CUS00361,Male,Yes,No,No,12,No,Yes,Fiber optic,No internet service,No internet service,Yes,No internet service,No,No,Month-to-month,Yes,Credit card (automatic),76.35,796.61,25-48 Months,3,TRUE,66.38,
CUS00362,Male,Yes,No,Yes,27,No,No,DSL,No,No,Yes,Yes,Yes,No,Month-to-month,Yes,Electronic check,87.42,2355.54,25-48 Months,5,TRUE,87.24,
CUS00363,Male,No,Yes,No,12,Yes,No,DSL,Yes,Yes,Yes,Yes,No,Yes,One year,Yes,Credit card (automatic),72.82,1083.23,13-24 Months,3,TRUE,90.27,
CUS00364,Male,No,Yes,No,48,Yes,No phone service,DSL,No internet service,No,No,Yes,Yes,No,Two year,No,Credit card (automatic),57.35,2563.09,13-24 Months,2,TRUE,53.4,
CUS00365,Male,Yes,No,No,39,No,No phone service,Fiber optic,No,No,No,Yes,No internet service,Yes,Month-to-month,Yes,Credit card (automatic),88.97,3580.57,25-48 Months,0,FALSE,91.81,
CUS00366,Male,No,No,No,12,No,No phone service,No,No,No,Yes,Yes,No,No internet service,Two year,Yes,Electronic check,93.83,1041.41,0-12 Months,2,TRUE,86.78,
CUS00367,Female,No,No,Yes,68,No,Yes,No,Yes,Yes,No,Yes,Yes,No internet service,One year,No,Credit card (automatic),32.11,2170.6,25-48 Months,4,TRUE,31.92,
CUS00368,Male,Yes,Yes,No,72,Yes,Yes,DSL,No internet service,No internet service,No,No internet service,Yes,No internet service,Month-to-month,Yes,Mailed check,77.41,5515.58,13-24 Months,5,FALSE,76.61,
CUS00369,Female,Yes,No,Yes,49,Yes,No,No,No internet service,Yes,No internet service,No,No,Yes,Two year,Yes,Credit card (automatic),75.5,3402.58,49-72 Months,0,FALSE,69.44,
CUS00370,Male,No,No,No,5,Yes,Yes,No,No internet service,No internet service,No internet service,Yes,Yes,Yes,One year,No,Electronic check,103.07,532.07,13-24 Months,5,TRUE,106.41,
CUS00371,Male,No,Yes,No,46,No,No,Fiber optic,No internet service,No,No internet service,No internet service,Yes,Yes,Two year,Yes,Bank transfer (automatic),82.86,3539.55,49-72 Months,2,FALSE,76.95,
CUS00372,Female,Yes,Yes,No,51,No,No phone service,No,Yes,Yes,No internet service,No internet service,No internet service,No,Month-to-month,No,Mailed check,49.69,2508.56,13-24 Months,3,FALSE,49.19,
CUS00373,Female,Yes,No,No,15,Yes,No,DSL,No,No internet service,No internet service,No,Yes,No,One year,No,Credit card (automatic),114.09,1624.8,25-48 Months,2,TRUE,108.32,
CUS00374,Male,Yes,No,Yes,57,No,Yes,Fiber optic,No,No,No,No internet service,No,No internet service,Two year,No,Mailed check,94.89,5070.94,0-12 Months,1,FALSE,88.96,
CUS00375,Male,No,Yes,No,3,No,Yes,DSL,No,No,Yes,No,No,Yes,Month-to-month,Yes,Mailed check,21.63,0.0,0-12 Months,4,TRUE,0.0,
CUS00376,Male,Yes,No,No,27,No,Yes,Fiber optic,Yes,Yes,Yes,No,No internet service,Yes,Month-to-month,No,Electronic check,83.41,2178.81,25-48 Months,6,TRUE,80.7,
CUS00377,Female,No,No,Yes,57,Yes,No,Fiber optic,No internet service,No internet service,Yes,Yes,No internet service,No internet service,Two year,Yes,Electronic check,98.69,5856.04,25-48 Months,4,TRUE,102.74,
CUS00378,Female,Yes,No,Yes,5,No,Yes,Fiber optic,No,No internet service,No,Yes,No internet service,No,One year,Yes,Bank transfer (automatic),117.63,633.53,49-72 Months,3,TRUE,126.71,
CUS00379,Male,Yes,Yes,Yes,32,No,No phone service,DSL,No internet service,No,Yes,No,No internet service,Yes,Month-to-month,Yes,Credit card (automatic),31.42,1193.29,25-48 Months,3,TRUE,37.29,
CUS00380,Male,No,No,Yes,10,No,Yes,No,No internet service,No,No,Yes,Yes,Yes,Month-to-month,Yes,Credit card (automatic),90.14,851.76,0-12 Months,2,FALSE,85.18,
CUS00381,Female,Yes,No,Yes,66,No,No,Fiber optic,Yes,No,Yes,No,Yes,No,Month-to-month,No,Bank transfer (automatic),32.51,2009.21,25-48 Months,1,TRUE,30.44,
CUS00382,Female,No,No,Yes,66,Yes,Yes,DSL,No internet service,Yes,No internet service,Yes,No internet service,No internet service,Month-to-month,Yes,Bank transfer (automatic),45.38,3035.68,0-12 Months,3,FALSE,46.0,
CUS00383,Male,No,No,Yes,23,Yes,No,Fiber optic,Yes,Yes,No internet service,No internet service,No,No internet service,Month-to-month,No,Bank transfer (automatic),102.85,2512.32,49-72 Months,2,TRUE,109.23,
CUS00384,Male,Yes,Yes,Yes,12,Yes,No,No,No internet service,No,Yes,No internet service,No internet service,Yes,Month-to-month,Yes,Bank transfer (automatic),57.83,716.23,0-12 Months,1,TRUE,59.69,
CUS00385,Female,No,Yes,Yes,69,No,No phone service,Fiber optic,Yes,Yes,Yes,No internet service,Yes,Yes,One year,No,Bank transfer (automatic),38.27,2538.88,25-48 Months,3,FALSE,36.8,
CUS00386,Female,Yes,No,No,56,No,No,No,No internet service,No,No internet service,No,Yes,No internet service,Two year,Yes,Credit card (automatic),86.0,4741.0,0-12 Months,2,FALSE,84.66,
CUS00387,Male,Yes,No,No,25,Yes,No phone service,No,No,Yes,No,Yes,No internet service,Yes,Two year,No,Electronic check,97.51,2458.36,49-72 Months,0,TRUE,98.33,
CUS00388,Male,No,Yes,Yes,25,Yes,No,No,No internet service,No,Yes,Yes,Yes,No,One year,Yes,Credit card (automatic),91.54,2365.07,0-12 Months,3,TRUE,94.6,
CUS00389,Male,No,Yes,No,61,Yes,Yes,DSL,No internet service,No internet service,No,Yes,No internet service,No internet service,Two year,No,Credit card (automatic),39.24,2205.12,49-72 Months,0,TRUE,36.15,
CUS00390,Male,Yes,No,No,20,Yes,No,No,No internet service,No,No,No,Yes,No internet service,Two year,Yes,Mailed check,33.64,664.45,0-12 Months,6,FALSE,33.22,
CUS00391,Female,Yes,No,No,4,No,Yes,Fiber optic,No,Yes,No,No internet service,No,Yes,Month-to-month,Yes,Bank transfer (automatic),18.75,96.67,25-48 Months,2,FALSE,24.17,
CUS00392,Female,Yes,No,No,54,No,No,DSL,Yes,No internet service,No internet service,No internet service,Yes,No internet service,Two year,Yes,Bank transfer (automatic),116.06,6353.57,0-12 Months,2,FALSE,117.66,
CUS00393,Female,No,Yes,No,52,No,Yes,DSL,Yes,No internet service,Yes,No,No internet service,No,One year,Yes,Electronic check,87.02,4723.87,49-72 Months,2,TRUE,90.84,
CUS00394,Male,No,No,Yes,4,No,Yes,DSL,Yes,No internet service,No internet service,No internet service,No,No internet service,One year,No,Credit card (automatic),28.31,53.49,13-24 Months,3,FALSE,13.37,
CUS00395,Female,Yes,No,Yes,23,No,Yes,DSL,Yes,Yes,Yes,Yes,No,No,Two year,No,Electronic check,58.58,1253.56,0-12 Months,2,TRUE,54.5,
CUS00396,Female,No,No,Yes,4,Yes,No,DSL,Yes,Yes,No,No,No,No internet service,One year,No,Bank transfer (automatic),29.43,345.35,49-72 Months,6,FALSE,86.34,
CUS00397,Female,Yes,Yes,Yes,50,Yes,No phone service,DSL,Yes,No,Yes,Yes,Yes,No internet service,One year,Yes,Credit card (automatic),42.02,1927.14,0-12 Months,4,FALSE,38.54,
CUS00398,Female,No,No,Yes,54,Yes,No phone service,No,Yes,No internet service,No internet service,No internet service,No internet service,Yes,One year,Yes,Bank transfer (automatic),74.35,3994.34,49-72 Months,4,FALSE,73.97,
CUS00399,Male,No,No,Yes,25,Yes,Yes,Fiber optic,No internet service,No,Yes,No,No internet service,No internet service,One year,Yes,Credit card (automatic),102.31,2472.24,13-24 Months,5,FALSE,98.89,
CUS00400,Female,Yes,Yes,No,64,Yes,Yes,Fiber optic,No,No internet service,No internet service,No,No internet service,No,Two year,No,Electronic check,87.3,5884.76,49-72 Months,0,TRUE,91.95,
CUS00401,Female,No,Yes,Yes,16,Yes,No phone service,No,No,No internet service,No internet service,Yes,No internet service,Yes,Two year,No,Electronic check,46.88,824.21,49-72 Months,1,TRUE,51.51,
CUS00402,Male,No,No,No,26,Yes,No,No,Yes,Yes,No,No internet service,No internet service,No internet service,One year,No,Electronic check,64.13,1988.73,13-24 Months,0,TRUE,76.49,
CUS00403,Female,No,Yes,No,36,No,No phone service,No,No internet service,No,No,No internet service,No internet service,No internet service,Month-to-month,Yes,Mailed check,87.46,2919.95,49-72 Months,3,FALSE,81.11,
CUS00404,Female,No,Yes,No,49,No,No,Fiber optic,No,No,No internet service,No internet service,Yes,Yes,Two year,No,Bank transfer (automatic),42.37,2084.79,49-72 Months,1,TRUE,42.55,
CUS00405,Male,Yes,Yes,Yes,55,Yes,No phone service,Fiber optic,No internet service,No,No,No internet service,No internet service,No,Month-to-month,No,Mailed check,100.07,5730.28,13-24 Months,2,TRUE,104.19,
CUS00406,Male,No,Yes,No,51,Yes,Yes,Fiber optic,No internet service,Yes,No internet service,No,Yes,No internet service,Month-to-month,Yes,Credit card (automatic),47.78,2456.31,13-24 Months,5,FALSE,48.16,
CUS00407,Male,Yes,Yes,No,11,No,Yes,No,No internet service,No,No,No internet service,No internet service,No internet service,Two year,No,Mailed check,68.74,716.28,25-48 Months,3,FALSE,65.12,
CUS00408,Male,Yes,No,Yes,40,Yes,No phone service,No,No,No internet service,No,Yes,No,No,One year,No,Bank transfer (automatic),20.6,935.92,0-12 Months,1,FALSE,23.4,
CUS00409,Male,Yes,No,Yes,28,No,No phone service,No,No internet service,No,Yes,Yes,No,No,Two year,No,Bank transfer (automatic),92.86,2595.95,0-12 Months,0,FALSE,92.71,
CUS00410,Female,Yes,Yes,Yes,39,No,No phone service,Fiber optic,No,No internet service,Yes,Yes,No,Yes,One year,No,Credit card (automatic),64.89,2467.67,13-24 Months,3,TRUE,63.27,
CUS00411,Male,No,Yes,Yes,62,Yes,No,No,No internet service,No internet service,No internet service,No,No internet service,Yes,Two year,No,Mailed check,42.21,2786.23,49-72 Months,2,TRUE,44.94,
CUS00412,Male,Yes,No,No,7,Yes,No phone service,No,No,Yes,No,No,No,No internet service,Two year,No,Bank transfer (automatic),60.44,402.31,13-24 Months,2,TRUE,57.47,
CUS00413,Female,No,No,No,54,No,No,DSL,No internet service,No,Yes,Yes,No internet service,No internet service,Two year,No,Credit card (automatic),94.35,5088.43,25-48 Months,1,TRUE,94.23,
CUS00414,Male,No,Yes,No,6,No,Yes,Fiber optic,No,No internet service,No,No internet service,No,No internet service,Month-to-month,No,Credit card (automatic),90.37,496.43,0-12 Months,6,FALSE,82.74,
CUS00415,Male,No,Yes,Yes,72,No,No,No,Yes,Yes,No internet service,No internet service,No internet service,Yes,Two year,No,Credit card (automatic),41.37,3208.52,13-24 Months,1,FALSE,44.56,
CUS00416,Female,Yes,No,Yes,17,Yes,No,DSL,Yes,No,No internet service,No,Yes,Yes,One year,Yes,Electronic check,40.03,590.93,13-24 Months,4,TRUE,34.76,
CUS00417,Female,No,Yes,No,72,No,No phone service,DSL,Yes,No internet service,Yes,No internet service,No,Yes,Month-to-month,No,Credit card (automatic),20.38,1453.76,49-72 Months,1,FALSE,20.19,
CUS00418,Female,Yes,Yes,No,42,No,No phone service,No,No,Yes,Yes,Yes,Yes,No,Two year,No,Electronic check,22.08,1013.16,0-12 Months,1,TRUE,24.12,
CUS00419,Female,Yes,No,Yes,22,No,No,DSL,Yes,No,No,Yes,No,No,Month-to-month,Yes,Credit card (automatic),33.46,1134.07,0-12 Months,3,FALSE,51.55,
CUS00420,Female,No,Yes,Yes,45,No,Yes,No,Yes,No internet service,No,No,No,No internet service,Two year,No,Electronic check,86.83,3976.74,0-12 Months,6,TRUE,88.37,
CUS00421,Male,Yes,Yes,No,46,No,Yes,DSL,Yes,Yes,No internet service,Yes,No,No,Two year,Yes,Mailed check,54.55,2451.27,49-72 Months,0,FALSE,53.29,
CUS00422,Female,Yes,Yes,Yes,5,No,No phone service,No,No internet service,No,Yes,No internet service,No,No internet service,One year,Yes,Mailed check,92.1,529.38,0-12 Months,1,FALSE,105.88,
CUS00423,Male,Yes,Yes,Yes,4,No,No,DSL,No,No,No internet service,Yes,No internet service,No internet service,One year,Yes,Credit card (automatic),65.61,477.79,25-48 Months,4,FALSE,119.45,
CUS00424,Male,No,Yes,Yes,47,No,No phone service,DSL,No,No internet service,No,No internet service,No internet service,No internet service,One year,Yes,Mailed check,79.61,3391.06,49-72 Months,4,FALSE,72.15,
CUS00425,Female,Yes,Yes,No,51,No,No,Fiber optic,Yes,No internet service,Yes,No internet service,Yes,No,Month-to-month,No,Bank transfer (automatic),59.95,2794.56,0-12 Months,2,TRUE,54.8,
CUS00426,Male,Yes,Yes,No,54,No,No phone service,Fiber optic,No internet service,No,No internet service,Yes,No internet service,No,Month-to-month,No,Credit card (automatic),115.05,5847.84,0-12 Months,2,FALSE,108.29,
CUS00427,Male,Yes,Yes,Yes,24,Yes,Yes,No,Yes,Yes,No,No internet service,No,Yes,Two year,Yes,Electronic check,117.28,2629.42,13-24 Months,0,TRUE,109.56,
CUS00428,Male,Yes,No,Yes,29,No,Yes,No,No,No internet service,No internet service,Yes,No internet service,No,Two year,No,Electronic check,102.87,3067.19,0-12 Months,2,TRUE,105.77,
CUS00429,Female,No,Yes,Yes,1,No,Yes,DSL,Yes,No internet service,No,Yes,No internet service,No internet service,One year,No,Mailed check,90.37,486.15,49-72 Months,0,TRUE,486.15,
CUS00430,Male,No,Yes,Yes,39,No,Yes,Fiber optic,No internet service,No internet service,No internet service,Yes,No internet service,No,Month-to-month,Yes,Credit card (automatic),48.43,1960.64,49-72 Months,2,TRUE,50.27,
CUS00431,Male,Yes,No,No,61,Yes,No,DSL,No internet service,No internet service,No,No,No internet service,No,One year,No,Mailed check,24.16,1561.29,49-72 Months,5,FALSE,25.59,
CUS00432,Female,Yes,No,Yes,46,No,No,Fiber optic,No,No,No,No internet service,No internet service,No,One year,No,Bank transfer (automatic),46.38,2132.06,13-24 Months,1,FALSE,46.35,
CUS00433,Male,No,Yes,No,39,Yes,No phone service,Fiber optic,Yes,Yes,Yes,Yes,No internet service,No internet service,Two year,Yes,Bank transfer (automatic),107.35,4133.69,0-12 Months,0,FALSE,105.99,
CUS00434,Female,Yes,Yes,Yes,47,No,Yes,DSL,Yes,Yes,No,No internet service,No,No,One year,Yes,Electronic check,110.11,5075.39,13-24 Months,3,TRUE,107.99,
CUS00435,Male,Yes,Yes,No,24,Yes,No phone service,DSL,No,Yes,No internet service,No internet service,No internet service,No,One year,Yes,Credit card (automatic),21.69,449.72,25-48 Months,4,TRUE,18.74,
CUS00436,Female,No,No,Yes,18,Yes,No,Fiber optic,Yes,No,Yes,Yes,Yes,No,Two year,Yes,Bank transfer (automatic),99.78,1722.7,25-48 Months,3,FALSE,95.71,
CUS00437,Male,Yes,No,Yes,23,Yes,No,DSL,Yes,No internet service,No,No internet service,No internet service,No internet service,One year,Yes,Bank transfer (automatic),22.66,519.18,49-72 Months,5,FALSE,22.57,
CUS00438,Female,Yes,No,No,20,Yes,No phone service,Fiber optic,No,No,No,No,No,No internet service,Two year,No,Electronic check,94.24,1882.95,0-12 Months,6,TRUE,94.15,
CUS00439,Female,Yes,No,Yes,62,No,No phone service,DSL,No internet service,No internet service,No,Yes,No,No internet service,Month-to-month,Yes,Bank transfer (automatic),110.64,6922.51,13-24 Months,1,FALSE,111.65,
CUS00440,Male,Yes,Yes,Yes,34,No,Yes,DSL,Yes,No internet service,No,No,Yes,No,Month-to-month,No,Mailed check,54.32,1961.1,25-48 Months,2,FALSE,57.68,
CUS00441,Male,No,No,No,59,Yes,No,DSL,No,Yes,No,Yes,Yes,No,One year,Yes,Credit card (automatic),116.05,6930.77,0-12 Months,4,FALSE,117.47,
CUS00442,Female,Yes,No,Yes,30,No,No,No,No internet service,Yes,No internet service,No internet service,Yes,No,Month-to-month,No,Credit card (automatic),34.28,1311.88,49-72 Months,3,FALSE,43.73,
CUS00443,Male,No,No,Yes,1,Yes,No,DSL,No,Yes,Yes,Yes,No internet service,Yes,Two year,No,Bank transfer (automatic),54.46,54.46,25-48 Months,2,FALSE,54.46,
CUS00444,Female,Yes,No,No,72,No,No phone service,Fiber optic,No internet service,Yes,Yes,No,No internet service,No internet service,Month-to-month,No,Bank transfer (automatic),24.41,1952.46,0-12 Months,2,TRUE,27.12,
CUS00445,Male,Yes,No,Yes,12,No,Yes,DSL,No,Yes,No internet service,No,No,No,One year,No,Electronic check,78.45,781.27,13-24 Months,1,TRUE,65.11,
CUS00446,Male,No,Yes,No,32,Yes,No,DSL,Yes,No internet service,Yes,Yes,Yes,Yes,Two year,No,Credit card (automatic),116.16,3764.39,13-24 Months,0,TRUE,117.64,
CUS00447,Male,Yes,No,No,12,Yes,No,No,Yes,No,No internet service,No,No internet service,Yes,Month-to-month,Yes,Mailed check,66.64,487.08,0-12 Months,2,FALSE,40.59,
CUS00448,Female,No,Yes,Yes,65,No,Yes,Fiber optic,No internet service,No,Yes,Yes,No internet service,No,One year,Yes,Mailed check,50.02,3155.29,49-72 Months,3,TRUE,48.54,
CUS00449,Male,No,Yes,Yes,27,No,No phone service,Fiber optic,Yes,Yes,No internet service,No,No,Yes,One year,No,Credit card (automatic),67.04,1739.46,25-48 Months,1,TRUE,64.42,
CUS00450,Male,No,No,Yes,71,No,Yes,No,No internet service,No internet service,No internet service,No internet service,No,No,Two year,No,Bank transfer (automatic),63.71,4627.32,0-12 Months,3,TRUE,65.17,
CUS00451,Male,No,Yes,No,23,No,No phone service,No,No,No internet service,No internet service,No,Yes,No internet service,Month-to-month,Yes,Bank transfer (automatic),79.44,1432.77,13-24 Months,2,FALSE,62.29,
CUS00452,Female,Yes,Yes,No,49,Yes,No phone service,Fiber optic,Yes,No,No,Yes,No internet service,No internet service,One year,No,Mailed check,20.38,1143.41,49-72 Months,5,FALSE,23.33,
CUS00453,Female,Yes,No,No,43,Yes,No phone service,No,Yes,Yes,No internet service,No internet service,Yes,No,Month-to-month,Yes,Credit card (automatic),24.72,961.0,0-12 Months,0,FALSE,22.35,
CUS00454,Female,Yes,Yes,Yes,55,Yes,No,Fiber optic,No internet service,No internet service,No,No internet service,No internet service,No,Month-to-month,Yes,Electronic check,43.76,2550.72,49-72 Months,2,TRUE,46.38,
CUS00455,Male,Yes,No,Yes,52,Yes,No phone service,Fiber optic,Yes,No internet service,Yes,No internet service,No internet service,No,Month-to-month,No,Credit card (automatic),27.59,1478.57,0-12 Months,5,FALSE,28.43,
CUS00456,Female,Yes,No,No,16,Yes,No phone service,No,No,No,Yes,No,Yes,No internet service,Month-to-month,No,Bank transfer (automatic),99.86,1214.3,49-72 Months,4,FALSE,75.89,
CUS00457,Male,No,No,Yes,25,No,No phone service,No,Yes,No,No,No,No,No,Two year,No,Mailed check,54.21,1508.27,0-12 Months,3,TRUE,60.33,
CUS00458,Female,Yes,Yes,Yes,57,No,Yes,DSL,Yes,Yes,No internet service,Yes,No,Yes,Month-to-month,Yes,Mailed check,79.31,4755.74,0-12 Months,1,TRUE,83.43,
CUS00459,Female,No,Yes,Yes,67,No,Yes,DSL,No,No,Yes,No internet service,No,No internet service,Two year,No,Mailed check,102.11,7065.12,0-12 Months,1,FALSE,105.45,
CUS00460,Male,Yes,Yes,No,58,No,Yes,Fiber optic,Yes,Yes,No,No,Yes,Yes,One year,No,Mailed check,94.81,5431.57,0-12 Months,2,FALSE,93.65,
CUS00461,Male,No,Yes,No,43,No,No,DSL,No,No,No,No internet service,No,No,Two year,Yes,Bank transfer (automatic),26.11,1066.39,13-24 Months,2,TRUE,24.8,
CUS00462,Male,No,No,No,12,Yes,No phone service,No,Yes,No,No,No internet service,Yes,No internet service,Month-to-month,No,Mailed check,54.59,873.84,25-48 Months,6,TRUE,72.82,
CUS00463,Female,No,Yes,Yes,35,No,No phone service,No,Yes,No,No,Yes,No,No internet service,Two year,Yes,Electronic check,69.41,2711.96,13-24 Months,3,TRUE,77.48,
CUS00464,Female,Yes,No,No,8,Yes,No,Fiber optic,No internet service,No internet service,No,No internet service,No,No,Two year,No,Mailed check,113.56,928.85,25-48 Months,5,FALSE,116.11,
CUS00465,Male,Yes,Yes,No,17,Yes,No phone service,DSL,Yes,No internet service,No internet service,No,No internet service,No internet service,One year,No,Credit card (automatic),67.81,1056.14,49-72 Months,0,FALSE,62.13,
CUS00466,Male,Yes,No,Yes,58,Yes,Yes,Fiber optic,No internet service,No,Yes,No,No internet service,No internet service,Two year,Yes,Electronic check,96.06,5358.73,0-12 Months,0,TRUE,92.39,
CUS00467,Male,Yes,Yes,No,25,Yes,No phone service,DSL,Yes,No,No internet service,No,No internet service,No,Two year,Yes,Electronic check,39.58,921.91,49-72 Months,2,TRUE,36.88,
CUS00468,Male,Yes,No,Yes,30,Yes,No,Fiber optic,No internet service,No internet service,No,No internet service,No internet service,Yes,Month-to-month,No,Bank transfer (automatic),45.82,1334.17,13-24 Months,2,TRUE,44.47,
CUS00469,Female,No,Yes,No,8,Yes,Yes,No,No,No internet service,No internet service,No internet service,Yes,Yes,Two year,Yes,Bank transfer (automatic),102.58,676.08,13-24 Months,4,TRUE,84.51,
CUS00470,Female,Yes,Yes,Yes,37,No,No,DSL,No internet service,Yes,No,Yes,Yes,No internet service,One year,Yes,Electronic check,34.16,1291.79,49-72 Months,6,TRUE,34.91,
CUS00471,Male,Yes,Yes,Yes,20,Yes,Yes,Fiber optic,No internet service,No,Yes,No internet service,No internet service,No,Month-to-month,No,Bank transfer (automatic),51.3,1107.06,0-12 Months,0,FALSE,55.35,
CUS00472,Female,No,Yes,No,43,No,Yes,DSL,No,No,No,Yes,No internet service,Yes,One year,No,Credit card (automatic),30.92,1333.26,0-12 Months,3,FALSE,31.01,
CUS00473,Male,No,Yes,No,19,Yes,No phone service,Fiber optic,No internet service,No internet service,No,No,No internet service,No,One year,Yes,Bank transfer (automatic),30.1,373.75,0-12 Months,5,FALSE,19.67,
CUS00474,Female,Yes,Yes,No,8,Yes,Yes,DSL,No,Yes,No internet service,Yes,No,No internet service,One year,No,Electronic check,76.01,361.45,49-72 Months,3,TRUE,45.18,
CUS00475,Male,Yes,No,Yes,16,No,No phone service,DSL,No,Yes,No internet service,No internet service,No internet service,Yes,One year,No,Bank transfer (automatic),33.6,752.02,0-12 Months,5,TRUE,47.0,
CUS00476,Male,No,No,Yes,31,Yes,No phone service,Fiber optic,No internet service,No internet service,Yes,No,No,No,One year,No,Credit card (automatic),57.32,1778.25,0-12 Months,1,TRUE,57.36,
CUS00477,Male,No,No,No,8,No,No,Fiber optic,No,No,No internet service,Yes,Yes,No internet service,One year,Yes,Mailed check,80.28,415.52,25-48 Months,1,TRUE,51.94,
CUS00478,Female,Yes,Yes,Yes,34,No,No,Fiber optic,No internet service,Yes,No,Yes,Yes,No,One year,No,Electronic check,117.63,3903.53,49-72 Months,1,TRUE,114.81,
CUS00479,Female,Yes,Yes,Yes,5,Yes,No,Fiber optic,No internet service,Yes,No internet service,Yes,Yes,No,One year,Yes,Mailed check,32.41,125.11,25-48 Months,3,TRUE,25.02,
CUS00480,Female,Yes,Yes,Yes,66,No,Yes,DSL,Yes,Yes,Yes,Yes,Yes,No internet service,Month-to-month,Yes,Mailed check,55.71,3665.46,25-48 Months,0,TRUE,55.54,
CUS00481,Female,Yes,No,Yes,33,Yes,No,No,No,Yes,Yes,No,No,Yes,Two year,No,Mailed check,50.88,1596.18,0-12 Months,3,TRUE,48.37,
CUS00482,Female,No,Yes,Yes,25,Yes,No phone service,No,Yes,No,No,No,No internet service,No,Month-to-month,Yes,Mailed check,85.43,2146.52,0-12 Months,4,TRUE,85.86,
CUS00483,Female,No,No,Yes,68,No,No phone service,No,No,No,No internet service,No,Yes,No,Month-to-month,Yes,Bank transfer (automatic),92.92,6278.19,49-72 Months,3,TRUE,92.33,
CUS00484,Male,Yes,No,Yes,69,Yes,Yes,DSL,No internet service,No,No internet service,No,No internet service,Yes,Month-to-month,Yes,Electronic check,102.17,6958.51,13-24 Months,2,TRUE,100.85,
CUS00485,Male,No,No,Yes,50,Yes,Yes,Fiber optic,No internet service,No,No,Yes,No internet service,No internet service,Two year,Yes,Credit card (automatic),53.22,2468.45,49-72 Months,6,FALSE,49.37,
CUS00486,Female,Yes,No,No,6,No,No,DSL,No,No,Yes,No,Yes,No internet service,One year,No,Electronic check,85.12,546.39,25-48 Months,6,TRUE,91.06,
CUS00487,Female,Yes,Yes,Yes,19,No,Yes,DSL,Yes,No internet service,Yes,Yes,Yes,Yes,Month-to-month,No,Mailed check,65.42,997.24,49-72 Months,4,TRUE,52.49,
CUS00488,Male,Yes,No,No,64,No,Yes,Fiber optic,No,No,No,Yes,No internet service,No,One year,No,Electronic check,38.3,2572.95,49-72 Months,3,TRUE,40.2,
CUS00489,Male,Yes,No,Yes,35,Yes,Yes,No,No,No internet service,No internet service,Yes,No,Yes,One year,No,Electronic check,51.87,1860.04,13-24 Months,3,TRUE,53.14,
CUS00490,Female,No,No,No,25,Yes,No phone service,DSL,No,Yes,No,No,Yes,Yes,One year,Yes,Bank transfer (automatic),44.5,964.69,49-72 Months,5,FALSE,38.59,
CUS00491,Male,Yes,Yes,No,6,Yes,Yes,Fiber optic,No,Yes,Yes,No internet service,No,No internet service,Two year,Yes,Credit card (automatic),72.87,290.25,49-72 Months,3,TRUE,48.38,
CUS00492,Male,Yes,No,No,28,No,No,Fiber optic,No,No internet service,Yes,No,No internet service,No,Two year,No,Bank transfer (automatic),114.24,3069.44,0-12 Months,3,TRUE,109.62,
CUS00493,Female,Yes,No,Yes,51,Yes,No phone service,Fiber optic,No internet service,No,No internet service,Yes,No internet service,Yes,Two year,No,Bank transfer (automatic),88.17,4842.18,13-24 Months,2,FALSE,94.94,
CUS00494,Male,No,Yes,No,68,No,No,No,Yes,Yes,No internet service,Yes,No,No internet service,One year,Yes,Electronic check,53.06,3619.21,0-12 Months,5,TRUE,53.22,
CUS00495,Female,No,No,No,40,Yes,No,No,No internet service,No,No,No,No internet service,No internet service,Month-to-month,Yes,Mailed check,115.79,4607.93,13-24 Months,3,FALSE,115.2,
CUS00496,Male,No,Yes,Yes,68,Yes,No phone service,DSL,No internet service,No internet service,No,Yes,Yes,Yes,Two year,Yes,Bank transfer (automatic),80.52,5620.86,0-12 Months,0,TRUE,82.66,
CUS00497,Female,Yes,Yes,No,39,Yes,No,DSL,No internet service,No internet service,No internet service,Yes,No,Yes,Month-to-month,Yes,Electronic check,87.68,3619.22,49-72 Months,2,TRUE,92.8,
CUS00498,Female,No,No,Yes,40,No,No phone service,Fiber optic,No,No,Yes,Yes,No internet service,No internet service,Two year,Yes,Mailed check,113.32,4502.64,25-48 Months,0,FALSE,112.57,
CUS00499,Male,No,Yes,Yes,3,Yes,Yes,No,No internet service,Yes,Yes,Yes,Yes,No internet service,Two year,Yes,Credit card (automatic),93.62,301.56,0-12 Months,5,FALSE,100.52,
CUS00500,Male,Yes,No,Yes,34,Yes,No phone service,No,Yes,No,No internet service,Yes,No,No,One year,Yes,Mailed check,53.14,1597.76,49-72 Months,3,FALSE,46.99,